見地,けんち
現地,げんち
原油,げんゆ
権力,けんりょく
故～,こ～
語彙,ごい
甲,こう
～光,～こう
好意,こうい
行為,こうい
合意,ごうい
抗議,こうぎ
合議,ごうぎ
好況,こうきょう
鉱業,こうぎょう
興業,こうぎょう
交互,こうご
煌々と,こうこうと
考古学,こうこがく
講習,こうしゅう
口述,こうじゅつ
交渉,こうしょう
高尚,こうしょう
向上,こうじょう
好調,こうちょう
購入,こうにゅう
光熱費,こうねつひ
好評,こうひょう
交付,こうふ
公募,こうぼ
巧妙,こうみょう
小売,こうり
護衛,ごえい
小柄,こがら
語源,ごげん
心地,ここち
心掛け,こころがけ
志,こころざし
志す,こころざす
試みる,こころみる
快い,こころよい
誤差,ごさ
孤児,こじ
梢,こずえ
個性,こせい
戸籍,こせき
古代,こだい
こたつ,こたつ
固定,こてい
孤独,こどく
ことごとく,ことごとく
殊に,ことに
好ましい,このましい
碁盤,ごばん
個別,こべつ
込める,こめる
籠もる,こもる
固有,こゆう
暦,こよみ
凝らす,こらす
孤立,こりつ
懲りる,こりる
凝る,こる
根気,こんき
昆虫,こんちゅう
財,ざい
細工,さいく
在庫,ざいこ
サイズ,サイズ
冴える,さえる
竿,さお
差額,さがく
詐欺,さぎ
錯誤,さくご
叫び,さけび
差し掛かる,さしかかる
指図,さしず
摩する,さする
座談会,ざだんかい
雑,ざつ
雑貨,ざっか
さっと,さっと
悟る,さとる
最中,さなか
さほど,さほど
サボる,サボる
様,さま
寒気,さむけ
さも,さも
作用,さよう
障る,さわる
酸,さん
参議院,さんぎいん
産休,さんきゅう
サンキュー,サンキュー
産後,さんご
産出,さんしゅつ
参照,さんしょう
参上,さんじょう
賛美,さんび
山脈,さんみゃく
仕上,しあげ
飼育,しいく
強いて,しいて
シート,シート
強いる,しいる
潮,しお
歯科,しか
自我,じが
自覚,じかく
仕掛,しかけ
式場,しきじょう
経路,けいろ
ゲスト,ゲスト
決,けつ
決意,けつい
決議,けつぎ
決勝,けっしょう
結晶,けっしょう
月賦,げっぷ
けなす,けなす
煙る,けむる
獣,けもの
家来,けらい
下痢,げり
権威,けんい
兼業,けんぎょう
検事,けんじ
原子,げんし
懸賞,けんしょう
元素,げんそ
同調,どうちょう
投入,とうにゅう
導入,どうにゅう
動力,どうりょく
遠ざかる,とおざかる
遠回り,とおまわり
トーン,トーン
とかく,とかく
研ぐ,とぐ
特技,とくぎ
独自,どくじ
特集,とくしゅう
特派,とくは
遂げる,とげる
～どころか,～どころか
土台,どだい
とって,とって
突破,とっぱ
土手,どて
届,とどけ
滞る,とどこおる
整える,ととのえる
扉,とびら
溝,どぶ
徒歩,とほ
土木,どぼく
富,とみ
富む,とむ
共稼ぎ,ともかせぎ
ドライ,ドライ
ドライバー,ドライバー
とりあえず,とりあえず
鳥居,とりい
取締り,とりしまり
取り締まる,とりしまる
取り立てる,とりたてる
取り付ける,とりつける
取り除く,とりのぞく
取り混ぜる,とりまぜる
取り戻す,とりもどす
取り寄せる,とりよせる
ドリル,ドリル
とんだ,とんだ
問屋,とんや
乃至,ないし
内部,ないぶ
苗,なえ
流し,ながし
渚,なぎさ
嘆く,なげく
名残,なごり
情け,なさけ
情無い,なさけない
詰る,なじる
雪崩,なだれ
懐く,なつく
何気ない,なにげない
名札,なふだ
生臭い,なまぐさい
生温い,なまぬるい
生身,なまみ
鉛,なまり
嘗める,なめる
悩ましい,なやましい
悩み,なやみ
慣れ,なれ
ナンセンス,ナンセンス
にきび,にきび
西日,にしび
滲む,にじむ
日夜,にちや
担う,になう
鈍る,にぶる
ニュアンス,ニュアンス
ニュー,ニュー
入手,にゅうしゅ
入浴,にゅうよく
尿,にょう
任務,にんむ
抜かす,ぬかす
主,ぬし
沼,ぬま
音色,ねいろ
値打ち,ねうち
ネガ,ネガ
ねじまわし,ねじまわし
妬む,ねたむ
ねだる,ねだる
熱意,ねつい
熱量,ねつりょう
粘り,ねばり
粘る,ねばる
値引き,ねびき
練る,ねる
念,ねん
年賀,ねんが
燃焼,ねんしょう
年長,ねんちょう
燃料,ねんりょう
ノイローゼ,ノイローゼ
農場,のうじょう
農地,のうち
納入,のうにゅう
逃す,のがす
望ましい,のぞましい
のどか,のどか
延べ,のべ
～派,～は
バー,バー
把握,はあく
パート,パート
廃棄,はいき
配給,はいきゅう
背後,はいご
廃止,はいし
拝借,はいしゃく
賠償,ばいしょう
配置,はいち
配布,はいふ
破壊,はかい
一概に,いちがいに
一部分,いちぶぶん
一気,いっき
一挙に,いっきょに
いっそ,いっそ
意図,いと
挑む,いどむ
稲光,いなびかり
祈り,いのり
いびき,いびき
未だ,いまだ
移民,いみん
いやに,いやに
いやらしい,いやらしい
意欲,いよく
衣類,いるい
異論,いろん
陰気,いんき
受かる,うかる
受け入れる,うけいれる
受け付ける,うけつける
受け止める,うけとめる
受身,うけみ
動き,うごき
打ち明ける,うちあける
団扇,うちわ
写し,うつし
空ろ,うつろ
器,うつわ
雨天,うてん
生まれつき,うまれつき
裏返し,うらがえし
浮気,うわき
上回る,うわまわる
植わる,うわる
運輸,うんゆ
エアメール,エアメール
～営,～えい
英字,えいじ
液,えき
獲物,えもの
襟,えり
エレガント,エレガント
婉曲,えんきょく
演出,えんしゅつ
エンジニア,エンジニア
於いて,おいて
老いる,おいる
応急,おうきゅう
応募,おうぼ
おおまかな,おおまかな
犯す,おかす
侵す,おかす
臆病,おくびょう
お産,おさん
惜しむ,おしむ
押し寄せる,おしよせる
雄,おす
御世辞,おせじ
襲う,おそう
遅くとも,おそくとも
恐れ,おそれ
恐れ入る,おそれいる
落葉,おちば
乙,おつ
おっかない,おっかない
脅す,おどす
訪れる,おとずれる
お供,おとも
衰える,おとろえる
同い年,おないどし
自ずから,おのずから
脅かす,おびやかす
帯びる,おびる
覚え,おぼえ
おまけ,おまけ
お宮,おみや
おむつ,おむつ
思い付き,おもいつき
重んじる,おもんじる
重んずる,おもんずる
親父,おやじ
及び,および
及ぶ,およぶ
折,おり
檻,おり
折り返す,おりかえす
俺,おれ
愚か,おろか
おんぶ,おんぶ
オンライン,オンライン
温和,おんわ
我,が～
カーペット,カーペット
～界,～かい
～街,～がい
外貨,がいか
階級,かいきゅう
海峡,かいきょう
介護,かいご
回収,かいしゅう
改修,かいしゅう
怪獣,かいじゅう
外相,がいしょう
ガイド,ガイド
介入,かいにゅう
概略,がいりゃく
海流,かいりゅう
改良,かいりょう
回路,かいろ
海路,かいろ
省みる,かえりみる
顧みる,かえりみる
課外,かがい
かかと,かかと
掻き回す,かきまわす
～画,～かく
格差,かくさ
学士,がくし
隔週,かくしゅう
楽譜,がくふ
確保,かくほ
賭,かけ
掛～,かけ～
～掛け,～かけ
崖,がけ
家計,かけい
加工,かこう
化合,かごう
かさむ,かさむ
頭,かしら
微か,かすか
霞む,かすむ
擦る,かする
火星,かせい
化石,かせき
河川,かせん
化繊,かせん
過疎,かそ
片～,かた～
傾ける,かたむける
花壇,かだん
家畜,かちく
且つ,かつ
合唱,がっしょう
合致,がっち
かつて,かつて
勝手,かって
カット,カット
カテゴリー,カテゴリー
叶う,かなう
かなわない,かなわない
予て,かねて
庇う,かばう
花粉,かふん
貨幣,かへい
過密,かみつ
カムバック,カムバック
カメラマン,カメラマン
粥,かゆ
体付き,からだつき
絡む,からむ
かりに,かりに
カルテ,カルテ
過労,かろう
かろうじて,かろうじて
交す,かわす
簡易,かんい
眼科,がんか
眼球,がんきゅう
玩具,がんぐ
看護,かんご
漢語,かんご
頑固,がんこ
監視,かんし
慣習,かんしゅう
観衆,かんしゅう
干渉,かんしょう
頑丈,がんじょう
感触,かんしょく
簡素,かんそ
感度,かんど
カンニング,カンニング
幹部,かんぶ
関与,かんよ
緩和,かんわ
議案,ぎあん
危害,きがい
企画,きかく
規格,きかく
気兼ね,きがね
気軽,きがる
危機,きき
効き目,ききめ
基金,ききん
喜劇,きげき
議決,ぎけつ
棄権,きけん
既婚,きこん
気障,きざ
記載,きさい
兆,きざし
気質,きしつ
期日,きじつ
きしむ,きしむ
傷付ける,きずつける
犠牲,ぎせい
汽船,きせん
寄贈,きぞう
偽造,ぎぞう
貴族,きぞく
議題,ぎだい
気立て,きだて
来る,きたる
規定,きてい
起点,きてん
軌道,きどう
技能,ぎのう
規範,きはん
気品,きひん
気風,きふう
起伏,きふく
規模,きぼ
期末,きまつ
記名,きめい
規約,きやく
逆転,ぎゃくてん
脚本,きゃくほん
客観,きゃっかん
救援,きゅうえん
休学,きゅうがく
窮屈,きゅうくつ
球根,きゅうこん
救済,きゅうさい
休戦,きゅうせん
宮殿,きゅうでん
窮乏,きゅうぼう
寄与,きよ
強,きょう
協会,きょうかい
共学,きょうがく
共感,きょうかん
境遇,きょうぐう
教訓,きょうくん
強行,きょうこう
強硬,きょうこう
教材,きょうざい
凶作,きょうさく
業者,ぎょうしゃ
興じる,きょうじる
強制,きょうせい
行政,ぎょうせい
業績,ぎょうせき
共存,きょうぞん
協定,きょうてい
脅迫,きょうはく
共鳴,きょうめい
強烈,きょうれつ
局限,きょくげん
極端,きょくたん
居住,きょじゅう
拒否,きょひ
きらびやか,きらびやか
～きり,～きり
義理,ぎり
切れ目,きれめ
疑惑,ぎわく
緊急,きんきゅう
吟味,ぎんみ
勤務,きんむ
クイズ,クイズ
食い違う,くいちがう
区画,くかく
区間,くかん
茎,くき
区切り,くぎり
くぐる,くぐる
愚痴,ぐち
口吟む,くちずさむ
朽ちる,くちる
覆す,くつがえす
ぐっと,ぐっと
首飾り,くびかざり
首輪,くびわ
蔵,くら
グレー,グレー
黒字,くろじ
軍事,ぐんじ
群集,ぐんしゅう
群衆,ぐんしゅう
軍備,ぐんび
芸,げい
経過,けいか
敬具,けいぐ
経費,けいひ
警部,けいぶ
展示,てんじ
天地,てんち
てんで,てんで
当～,とう～
胴,どう
同意,どうい
陶器,とうき
討議,とうぎ
動機,どうき
等級,とうきゅう
同級,どうきゅう
投資,とうし
同情,どうじょう
道場,どうじょう
統治,とうち
仕切る,しきる
資金,しきん
軸,じく
仕組,しくみ
死刑,しけい
湿気る,しける
施行,しこう
思考,しこう
志向,しこう
嗜好,しこう
事項,じこう
地獄,じごく
時差,じさ
自在,じざい
視察,しさつ
資産,しさん
支持,しじ
自主,じしゅ
自首,じしゅ
雫,しずく
施設,しせつ
事前,じぜん
子息,しそく
持続,じぞく
自尊心,じそんしん
慕う,したう
下心,したごころ
下地,したじ
下調べ,したしらべ
間柄,あいだがら
合間,あいま
敢えて,あえて
仰ぐ,あおぐ
垢,あか
赤字,あかじ
明かす,あかす
上がり,あがり
顎,あご
麻,あさ
あざ,あざ
浅ましい,あさましい
嘲笑う,あざわらう
悪しからず,あしからず
焦る,あせる
値,あたい
値する,あたいする
悪化,あっか
呆気ない,あっけない
あつらえる,あつらえる
圧力,あつりょく
当て,あて
～宛,～あて
当て字,あてじ
後回し,あとまわし
アプローチ,アプローチ
雨具,あまぐ
アマチュア,アマチュア
網,あみ
歩み,あゆみ
歩む,あゆむ
予め,あらかじめ
荒らす,あらす
改まる,あらたまる
荒っぽい,あらっぽい
アラブ,アラブ
霰,あられ
ありのまま,ありのまま
ありふれる,ありふれる
アルミ,アルミ
アワー,アワー
合わす,あわす
アンコール,アンコール
暗示,あんじ
いい加減,いいかげん
イェス,イェス
家出,いえで
生かす,いかす
いかに,いかに
異議,いぎ
行き違い,いきちがい
幾多,いくた
"(花を〜) 生ける, 活ける"
異見,いけん
意向,いこう
移行,いこう
いざ,いざ
いじる,いじる
異性,いせい
遺跡,いせき
依存,いぞん
委託,いたく
出題,しゅつだい
出動,しゅつどう
出品,しゅっぴん
守備,しゅび
準じる,じゅんじる
～署,～しょ
上演,じょうえん
消去,しょうきょ
上空,じょうくう
衝撃,しょうげき
証言,しょうげん
照合,しょうごう
詳細,しょうさい
昇進,しょうしん
称する,しょうする
情勢,じょうせい
消息,しょうそく
承諾,しょうだく
情緒,じょうちょ
情緒,じょうしょ
小児科,しょうにか
使用人,しようにん
情熱,じょうねつ
条約,じょうやく
上陸,じょうりく
奨励,しょうれい
ショー,ショー
職員,しょくいん
所持,しょじ
処置,しょち
書評,しょひょう
庶務,しょむ
調べ,しらべ
自立,じりつ
記す,しるす
指令,しれい
～心,～しん
陣,じん
進化,しんか
審議,しんぎ
審査,しんさ
紳士,しんし
進出,しんしゅつ
心情,しんじょう
心中,しんじゅう
進度,しんど
神秘,しんぴ
侵略,しんりゃく
診療,しんりょう
粋,すい
推理,すいり
数詞,すうし
据え付ける,すえつける
据える,すえる
救い,すくい
濯ぐ,すすぐ
進み,すすみ
裾,すそ
ストライキ,ストライキ
スト,スト
すばしこい,すばしこい
ずばり,ずばり
スプリング,スプリング
澄ます,すます
清ます,すます
済ます,すます
スラックス,スラックス
ずれ,ずれ
すれちがい,すれちがい
擦れる,すれる
成果,せいか
正義,せいぎ
星座,せいざ
生死,せいし
静止,せいし
成熟,せいじゅく
青春,せいしゅん
清純,せいじゅん
正常,せいじょう
税務署,ぜいむしょ
勢力,せいりょく
セール,セール
急かす,せかす
伜,せがれ
責務,せきむ
セクション,セクション
世辞,せじ
世帯,せたい
是正,ぜせい
世代,せだい
接触,せっしょく
接続詞,せつぞくし
設置,せっち
折衷,せっちゅう
攻め,せめ
ゼリー,ゼリー
セレモニー,セレモニー
世論,せろん
先,せん
繊維,せんい
宣教,せんきょう
専修,せんしゅう
戦術,せんじゅつ
センス,センス
先だって,せんだって
先着,せんちゃく
前途,ぜんと
潜入,せんにゅう
占領,せんりょう
善良,ぜんりょう
戦力,せんりょく
雑木,ぞうき
早急,そうきゅう
早急,さっきゅう
増強,ぞうきょう
蔵相,ぞうしょう
装飾,そうしょく
相場,そうば
装備,そうび
添える,そえる
ソース,ソース
そこら,そこら
素材,そざい
阻止,そし
育ち,そだち
措置,そち
素っ気無い,そっけない
外方,そっぽ
素朴,そぼく
背く,そむく
染まる,そまる
染める,そめる
そらす,そらす
反る,そる
ソロ,ソロ
揃い,そろい
ダース,ダース
大家,たいか
退化,たいか
退治,たいじ
大衆,たいしゅう
退職,たいしょく
対比,たいひ
タイピスト,タイピスト
大部,たいぶ
タイミング,タイミング
タイム,タイム
タイムリー,タイムリー
体力,たいりょく
タイル,タイル
対話,たいわ
耐える,たえる
堪える,たえる
絶える,たえる
断える,たえる
打開,だかい
焚火,たきび
たくましい,たくましい
巧み,たくみ
丈,たけ
打撃,だげき
妥結,だけつ
駄作,ださく
多数決,たすうけつ
助け,たすけ
携わる,たずさわる
抱っこ,だっこ
脱出,だっしゅつ
立て替える,たてかえる
奉る,たてまつる
だと,だと
辿り着く,たどりつく
辿る,たどる
他方,たほう
多忙,たぼう
給う,たまう
溜まり,たまり
保つ,たもつ
多様,たよう
だるい,だるい
弛み,たるみ
弛む,たるむ
垂れる,たれる
タワー,タワー
短歌,たんか
担架,たんか
短気,たんき
短縮,たんしゅく
炭素,たんそ
単調,たんちょう
旦那,だんな
短波,たんぱ
ダンプ,ダンプ
弾力,だんりょく
治安,ちあん
畜生,ちくしょう
地形,ちけい
知性,ちせい
乳,ちち
知的,ちてき
着手,ちゃくしゅ
着席,ちゃくせき
着目,ちゃくもく
着陸,ちゃくりく
着工,ちゃっこう
チャンネル,チャンネル
中継,ちゅうけい
忠告,ちゅうこく
中枢,ちゅうすう
抽選,ちゅうせん
中断,ちゅうだん
中毒,ちゅうどく
中腹,ちゅうふく
中立,ちゅうりつ
～著,～ちょ
腸,ちょう
蝶,ちょう
超,ちょう
調印,ちょういん
聴覚,ちょうかく
長官,ちょうかん
聴講,ちょうこう
調停,ちょうてい
重複,ちょうふく
長編,ちょうへん
重宝,ちょうほう
直面,ちょくめん
直感,ちょっかん
塵,ちり
追及,ついきゅう
通常,つうじょう
杖,つえ
使い道,つかいみち
司る,つかさどる
継目,つぎめ
尽きる,つきる
尽くす,つくす
作り,つくり
造り,つくり
告げる,つげる
筒,つつ
突く,つつく
勤め先,つとめさき
津波,つなみ
つねる,つねる
角,つの
募る,つのる
唾,つば
つぶら,つぶら
壷,つぼ
蕾,つぼみ
手当,てあて
定義,ていぎ
提供,ていきょう
提示,ていじ
定食,ていしょく
でかい,でかい
手数,てかず
手軽,てがる
適宜,てきぎ
手際,てぎわ
手数,てすう
手近,てぢか
手配,てはい
手筈,てはず
手引,てびき
手本,てほん
手元,てもと
照り返す,てりかえす
テレックス,テレックス
手分け,てわけ
天,てん
天下,てんか
連休,れんきゅう
レンジ,レンジ
レンタカー,レンタカー
連中,れんちゅう
レントゲン,レントゲン
浪費,ろうひ
労力,ろうりょく
ロープ,ロープ
ろくな,ろくな
露骨,ろこつ
論議,ろんぎ
論理,ろんり
技,わざ
渡り鳥,わたりどり
ワット,ワット
詫び,わび
和文,わぶん
藁,わら
～割,～わり
我,われ
破棄,はき
剥ぐ,はぐ
薄弱,はくじゃく
白状,はくじょう
爆破,ばくは
暴露,ばくろ
励む,はげむ
剥げる,はげる
化ける,ばける
派遣,はけん
恥,はじ
弾く,はじく
恥じる,はじる
橋渡し,はしわたし
弾む,はずむ
破損,はそん
叩く,はたく
裸足,はだし
果たす,はたす
罰,ばつ
発芽,はつが
バッジ,バッジ
下火,したび
実,じつ
実家,じっか
質疑,しつぎ
失脚,しっきゃく
シック,シック
躾,しつけ
質素,しっそ
失調,しっちょう
嫉妬,しっと
実費,じっぴ
指摘,してき
自転,じてん
助動詞,じょどうし
地主,じぬし
凌ぐ,しのぐ
芝,しば
始発,しはつ
耳鼻科,じびか
私物,しぶつ
司法,しほう
始末,しまつ
染みる,しみる
使命,しめい
地元,じもと
視野,しや
弱,じゃく
ジャズ,ジャズ
若干,じゃっかん
三味線,しゃみせん
砂利,じゃり
ジャンパー,ジャンパー
主,しゅ
種,しゅ
私有,しゆう
収益,しゅうえき
修学,しゅうがく
集計,しゅうけい
襲撃,しゅうげき
終日,しゅうじつ
充実,じゅうじつ
十字路,じゅうじろ
柔軟,じゅうなん
重複,じゅうふく
収容,しゅうよう
従来,じゅうらい
修行,しゅぎょう
塾,じゅく
宿命,しゅくめい
趣旨,しゅし
主食,しゅしょく
出演,しゅつえん
出血,しゅっけつ
出現,しゅつげん
出産,しゅっさん
出社,しゅっしゃ
出生,しゅっせい
比例,ひれい
疲労,ひろう
貧弱,ひんじゃく
ヒント,ヒント
ファン,ファン
不意,ふい
封,ふう
封鎖,ふうさ
風習,ふうしゅう
ブーツ,ブーツ
風土,ふうど
ブーム,ブーム
部下,ぶか
不吉,ふきつ
布巾,ふきん
福祉,ふくし
耽る,ふける
老ける,ふける
富豪,ふごう
布告,ふこく
ブザー,ブザー
負債,ふさい
不在,ふざい
ふさわしい,ふさわしい
不審,ふしん
不振,ふしん
武装,ぶそう
札,ふだ
負担,ふたん
物議,ぶつぎ
復旧,ふっきゅう
物資,ぶっし
不当,ふとう
不動産,ふどうさん
無難,ぶなん
赴任,ふにん
腐敗,ふはい
不服,ふふく
普遍,ふへん
不明,ふめい
部門,ぶもん
扶養,ふよう
振り返る,ふりかえる
ブル,ブル
震わせる,ふるわせる
無礼,ぶれい
付録,ふろく
文化財,ぶんかざい
分業,ぶんぎょう
文語,ぶんご
分子,ぶんし
噴出,ふんしゅつ
分母,ぶんぼ
分離,ぶんり
ペア,ペア
兵器,へいき
閉鎖,へいさ
兵士,へいし
平常,へいじょう
ベース,ベース
ベスト,ベスト
縁,へり
へりくだる,へりくだる
便宜,べんぎ
弁護,べんご
弁償,べんしょう
保育,ほいく
ボイコット,ボイコット
防火,ぼうか
奉仕,ほうし
報酬,ほうしゅう
放出,ほうしゅつ
放置,ほうち
膨張,ぼうちょう
褒美,ほうび
放り込む,ほうりこむ
放り出す,ほうりだす
暴力,ぼうりょく
飽和,ほうわ
ホース,ホース
ポーズ,ポーズ
ホール,ホール
保温,ほおん
捕獲,ほかく
保管,ほかん
募金,ぼきん
牧師,ぼくし
捕鯨,ほげい
惚ける,ぼける
保険,ほけん
母校,ぼこう
母国,ぼこく
誇る,ほこる
綻びる,ほころびる
干し～,ほし～
ポジション,ポジション
保守,ほしゅ
補助,ほじょ
舗装,ほそう
補足,ほそく
墓地,ぼち
発作,ほっさ
没収,ぼっしゅう
ポット,ポット
ほとり,ほとり
ぼやく,ぼやく
保養,ほよう
捕虜,ほりょ
ボルト,ボルト
本気,ほんき
本音,ほんね
本場,ほんば
ポンプ,ポンプ
本名,ほんみょう
マーク,マーク
マイ～,マイ～
舞う,まう
真上,まうえ
任す,まかす
負かす,まかす
誠,まこと
勝る,まさる
～増し,～増し
真下,ました
まして,まして
麻酔,ますい
待ち合わせ,まちあわせ
待ち望む,まちのぞむ
末期,まっき
真っ二つ,まっぷたつ
まと,まと
纏め,まとめ
免れる,まぬがれる
招き,まねき
麻痺,まひ
眉,まゆ
鞠,まり
まるっきり,まるっきり
満場,まんじょう
真ん丸い,まんまるい
真ん円い,まんまるい
～味,～み
見合い,みあい
見合わせる,みあわせる
未開,みかい
味覚,みかく
幹,みき
見苦しい,みぐるしい
見込み,みこみ
未婚,みこん
微塵,みじん
水気,みずけ
ミセス,ミセス
溝,みぞ
満たす,みたす
乱す,みだす
未知,みち
身近,みぢか
密集,みっしゅう
密度,みつど
未定,みてい
見なす,みなす
身なり,みなり
峰,みね
身の回り,みのまわり
見計らう,みはからう
身振り,みぶり
脈,みゃく
未練,みれん
民宿,みんしゅく
無意味,むいみ
ムード,ムード
無口,むくち
婿,むこ
無効,むこう
無言,むごん
むしる,むしる
結び,むすび
結び付き,むすびつき
結び付く,むすびつく
無線,むせん
無駄遣い,むだづかい
無断,むだん
無知,むち
無茶,むちゃ
無念,むねん
無能,むのう
無用,むよう
斑,むら
無論,むろん
名称,めいしょう
命中,めいちゅう
名簿,めいぼ
名誉,めいよ
明瞭,めいりょう
目方,めかた
恵み,めぐみ
恵む,めぐむ
目覚しい,めざましい
召す,めす
雌,めす
目付き,めつき
目途,めど
目盛,めもり
メロディー,メロディー
～網,～もう
申込,もうしこみ
申し出る,もうしでる
申し分,もうしぶん
もがく,もがく
模型,もけい
模索,もさく
もしかして,もしかして
目下,もっか
もてる,もてる
もはや,もはや
模範,もはん
模倣,もほう
もめる,もめる
股,もも
腿,もも
漏らす,もらす
盛り上がる,もりあがる
漏る,もる
漏れる,もれる
脆い,もろい
もろに,もろに
野外,やがい
～薬,～やく
夜具,やぐ
役職,やくしょく
役場,やくば
やけに,やけに
屋敷,やしき
野心,やしん
安っぽい,やすっぽい
野生,やせい
奴,やつ
闇,やみ
病む,やむ
ややこしい,ややこしい
やりとおす,やりとおす
やりとげる,やりとげる
和らげる,やわらげる
ヤング,ヤング
～油,～ゆ
優位,ゆうい
融資,ゆうし
優美,ゆうび
有力,ゆうりょく
故,ゆえ
歪む,ゆがむ
濯ぐ,ゆすぐ
ゆとり,ゆとり
弓,ゆみ
揺らぐ,ゆらぐ
緩む,ゆるむ
養護,ようご
用紙,ようし
余暇,よか
予感,よかん
預金,よきん
欲,よく
欲深い,よくふかい
避ける,よける
予言,よげん
汚れ,よごれ
良し,よし
余所見,よそみ
余地,よち
与党,よとう
呼び止める,よびとめる
夜更け,よふけ
余程,よほど
読み上げる,よみあげる
～寄り,～より
寄り掛かる,よりかかる
世論,よろん
弱る,よわる
来場,らいじょう
ライス,ライス
落下,らっか
ランプ,ランプ
リード,リード
理屈,りくつ
利子,りし
理性,りせい
利息,りそく
利点,りてん
略奪,りゃくだつ
流通,りゅうつう
領域,りょういき
了解,りょうかい
領海,りょうかい
良好,りょうこう
良識,りょうしき
良質,りょうしつ
良心,りょうしん
両立,りょうりつ
履歴,りれき
理論,りろん
林業,りんぎょう
類,るい
類似,るいじ
ルーズ,ルーズ
レース,レース
レギュラー,レギュラー
レバー,レバー
バッテリー,バッテリー
バット,バット
発病,はつびょう
果て,はて
果てる,はてる
ばてる,ばてる
阻む,はばむ
浜,はま
浜辺,はまべ
はまる,はまる
遥か,はるか
破裂,はれつ
腫れる,はれる
版画,はんが
反響,はんきょう
パンク,パンク
繁盛,はんじょう
繁殖,はんしょく
半端,はんぱ
控室,ひかえしつ
悲観,ひかん
引き上げる,ひきあげる
引き起こす,ひきおこす
引下げる,ひきさげる
否決,ひけつ
日頃,ひごろ
悲惨,ひさん
秘書,ひしょ
歪む,ひずむ
密か,ひそか
浸す,ひたす
左利き,ひだりきき
必修,ひっしゅう
びっしょり,びっしょり
人気,ひとけ
人目,ひとめ
日取り,ひどり
雛,ひな
雛祭,ひなまつり
日向,ひなた
非難,ひなん
避難,ひなん
火花,ひばな
悲鳴,ひめい
日焼け,ひやけ
描写,びょうしゃ
びら,びら
びり,びり
比率,ひりつ
就任,しゅうにん
周辺,しゅうへん
重役,じゅうやく
祝日,しゅくじつ
主語,しゅご
出勤,しゅっきん
寿命,じゅみょう
循環,じゅんかん
順序,じゅんじょ
純粋,じゅんすい
初～,しょ～
諸～,しょ～
～所,～しょ
～所,～じょ
女～,じょ～
～女,～じょ
賞金,しょうきん
商社,しょうしゃ
乗車,じょうしゃ
生ずる,しょうずる
小数,しょうすう
商店,しょうてん
焦点,しょうてん
消毒,しょうどく
勝敗,しょうはい
蒸発,じょうはつ
上品,じょうひん
小便,しょうべん
正面,しょうめん
消耗,しょうもう
初級,しょきゅう
食塩,しょくえん
職人,しょくにん
初旬,しょじゅん
初歩,しょほ
白髪,しらが
私立,しりつ
汁,しる
芯,しん
人事,じんじ
侵入,しんにゅう
深夜,しんや
針路,しんろ
神話,しんわ
炊事,すいじ
水素,すいそ
垂直,すいちょく
図鑑,ずかん
隙,すき
杉,すぎ
好き嫌い,すききらい
透き通る,すきとおる
隙間,すきま
図形,ずけい
鈴,すず
涼む,すずむ
素直,すなお
頭脳,ずのう
スピーカー,スピーカー
住まい,すまい
～済,～ずみ
相撲,すもう
ずらす,ずらす
ずらり,ずらり
狡い,ずるい
整備,せいび
背負う,せおう
～席,～せき
迫る,せまる
ゼミ,ゼミ
せめて,せめて
台詞,せりふ
栓,せん
～船,～せん
～戦,～せん
前～,ぜん～
～前,～ぜん
前後,ぜんご
全集,ぜんしゅう
扇子,せんす
先祖,せんぞ
センチ,センチ
扇風機,せんぷうき
全力,ぜんりょく
線路,せんろ
～沿い,～そい
総～,そう～
～艘,～そう
相違,そうい
そういえば,そういえば
倉庫,そうこ
相互,そうご
草履,ぞうり
送料,そうりょう
～足,～そく
測量,そくりょう
速力,そくりょく
素質,そしつ
祖先,そせん
卒直,そっちょく
剃る,そる
それなのに,それなのに
逸れる,それる
田ぼ,たんぼ
第～,だい～
大工,だいく
太鼓,たいこ
大小,だいしょう
代名詞,だいめいし
タイア,タイア
田植え,たうえ
絶えず,たえず
楕円,だえん
滝,たき
蓄える,たくわえる
竹,たけ
但し,ただし
立ち止まる,たちどまる
発,はつ
妥当,だとう
頼もしい,たのもしい
ダブル,ダブル
ダム,ダム
だらしない,だらしない
足る,たる
短～,たん～
～団,～だん
おおざっぱ,おおざっぱ
大通り,おおどおり
おかず,おかず
拝む,おがむ
送り仮名,おくりがな
お元気で,おげんきで
伯父,おじ
叔父,おじ
惜しい,おしい
お大事に,おだいじに
落し物,おとしもの
驚かす,おどろかす
伯母,おば
叔母,おば
おめでたい,おめでたい
思い切り,おもいきり
思い込む,おもいこむ
おやつ,おやつ
御中,おんちゅう
～日,～か
～下,～か
～化,～か
～科,～か
～歌,～か
～画,～が
カーブ,カーブ
外～,がい～
～外,～がい
外部,がいぶ
家屋,かおく
垣根,かきね
限り,かぎり
各～,かく～
架空,かくう
各自,かくじ
拡充,かくじゅう
学術,がくじゅつ
各地,かくち
拡張,かくちょう
角度,かくど
学力,がくりょく
可決,かけつ
火口,かこう
下降,かこう
火山,かざん
過失,かしつ
果実,かじつ
貸間,かしま
貸家,かしや
箇所,かしょ
かじる,かじる
課税,かぜい
下線,かせん
加速,かそく
～がち,～がち
学科,がっか
学級,がっきゅう
担ぐ,かつぐ
括弧,かっこ
活字,かつじ
活力,かつりょく
仮名,かな
仮名遣い,かなづかい
加熱,かねつ
兼ねる,かねる
カバー,カバー
過半数,かはんすう
釜,かま
ガム,ガム
貨物,かもつ
カラー,カラー
かるた,かるた
枯れる,かれる
可愛がる,かわいがる
為替,かわせ
瓦,かわら
～刊,～かん
～間,～かん
～巻,～かん
～館,～かん
～感,～かん
換気,かんき
鑑賞,かんしょう
官庁,かんちょう
勘違い,かんちがい
乾電池,かんでんち
看病,かんびょう
漢和,かんわ
～期,～き
～器,～き
～機,～き
気圧,きあつ
着替え,きがえ
機関車,きかんしゃ
飢饉,ききん
器具,きぐ
記号,きごう
刻む,きざむ
儀式,ぎしき
着せる,きせる
基礎,きそ
基地,きち
基盤,きばん
～気味,～ぎみ
客席,きゃくせき
キャンパス,キャンパス
休講,きゅうこう
休養,きゅうよう
清い,きよい
境界,きょうかい
教養,きょうよう
行列,ぎょうれつ
漁業,ぎょぎょう
曲線,きょくせん
規律,きりつ
斬る,きる
～きる,～きる
～切れ,～きれ
気を付ける,きをつける
区域,くいき
空～,くう～
空中,くうちゅう
釘,くぎ
区切る,くぎる
櫛,くし
苦心,くしん
屑,くず
崩す,くずす
薬指,くすりゆび
砕く,くだく
くたびれる,くたびれる
くだらない,くだらない
～口,～くち
くっつける,くっつける
くどい,くどい
句読点,くとうてん
配る,くばる
工夫,くふう
区分,くぶん
組合せ,くみあわせ
組み立てる,くみたてる
悔やむ,くやむ
くるむ,くるむ
くれぐれも,くれぐれも
～家,～け
～形,～けい
～系,～けい
稽古,けいこ
敬語,けいご
毛糸,けいと
経度,けいど
競馬,けいば
警備,けいび
形容詞,けいようし
外科,げか
毛皮,けがわ
下車,げしゃ
下水,げすい
削る,けずる
桁,けた
下駄,げた
月給,げっきゅう
気配,けはい
下品,げひん
煙い,けむい
～圏,～けん
現～,げん～
原始,げんし
研修,けんしゅう
厳重,げんじゅう
県庁,けんちょう
限度,げんど
現に,げんに
原理,げんり
原料,げんりょう
小～,こ～
高～,こう～
～校,～こう
～港,～こう
～号,～ごう
高級,こうきゅう
公共,こうきょう
交差,こうさ
講師,こうし
工事,こうじ
公衆,こうしゅう
耕地,こうち
高度,こうど
公表,こうひょう
公務,こうむ
合理,ごうり
交流,こうりゅう
合流,ごうりゅう
効力,こうりょく
コース,コース
焦がす,こがす
～国,～こく
焦げる,こげる
心得る,こころえる
腰掛ける,こしかける
こしらえる,こしらえる
擦る,こする
個体,こたい
こちらこそ,こちらこそ
コック,コック
古典,こてん
～毎,～ごと
言付ける,ことづける
ゴム,ゴム
御免,ごめん
小指,こゆび
娯楽,ごらく
御覧,ごらん
紺,こん
今～,こん～
コンクール,コンクール
コンセント,コンセント
こんばんは,こんばんは
再～,さい～
最～,さい～
逆さ,さかさ
捜す,さがす
遡る,さかのぼる
酒場,さかば
探る,さぐる
匙,さじ
座敷,ざしき
差し支え,さしつかえ
刺身,さしみ
流石,さすが
錆,さび
錆びる,さびる
妨げる,さまたげる
さようなら,さようなら
騒がしい,さわがしい
～山,～さん
～産,～さん
産地,さんち
～史,～し
～紙,～し
～寺,～じ
明明後日,しあさって
シーツ,シーツ
寺院,じいん
自衛,じえい
塩辛い,しおからい
司会,しかい
～時間目,～じかんめ
時間割,じかんわり
敷地,しきち
敷く,しく
茂る,しげる
持参,じさん
姿勢,しせい
時速,じそく
子孫,しそん
死体,したい
自宅,じたく
自治,じち
室～,しつ～
～室,～しつ
～日,～じつ
湿気,しっき
実習,じっしゅう
しっぽ,しっぽ
指定,してい
私鉄,してつ
縛る,しばる
地盤,じばん
紙幣,しへい
しぼむ,しぼむ
絞る,しぼる
縞,しま
氏名,しめい
地面,じめん
～車,～しゃ
～者,～しゃ
～社,～しゃ
弱点,じゃくてん
車庫,しゃこ
車掌,しゃしょう
しゃっくり,しゃっくり
シャッター,シャッター
洒落,しゃれ
じゃんけん,じゃんけん
～手,～しゅ
～酒,～しゅ
集会,しゅうかい
集金,しゅうきん
集合,しゅうごう
修繕,しゅうぜん
終点,しゅうてん
重点,じゅうてん
リズム,リズム
リボン,リボン
流域,りゅういき
両側,りょうがわ
臨時,りんじ
煉瓦,れんが
レンズ,レンズ
ロビー,ロビー
～論,～ろん
和～,わ～
～羽,～わ
和英,わえい
我～,わが～
詫びる,わびる
和服,わふく
割合に,わりあいに
割と,わりと
ワンピース,ワンピース
扇ぐ,あおぐ
青白い,あおじろい
アクセント,アクセント
あくび,あくび
憧れる,あこがれる
朝寝坊,あさねぼう
圧縮,あっしゅく
宛名,あてな
当てはまる,あてはまる
当てはめる,あてはめる
あぶる,あぶる
雨戸,あまど
甘やかす,あまやかす
余る,あまる
編む,あむ
荒い,あらい
粗い,あらい
改めて,あらためて
改める,あらためる
有難い,ありがたい
荒れる,あれる
安易,あんい
～位,～い
言い付ける,いいつける
意義,いぎ
幾～,いく～
育児,いくじ
以後,いご
以降,いこう
勇ましい,いさましい
一段と,いちだんと
一流,いちりゅう
移転,いてん
井戸,いど
緯度,いど
威張る,いばる
煎る,いる
炒る,いる
インキ,インキ
引力,いんりょく
ウール,ウール
植木,うえき
飢える,うえる
浮ぶ,うかぶ
浮く,うく
薄暗い,うすぐらい
打合せ,うちあわせ
うどん,うどん
裏返す,うらがえす
恨み,うらみ
恨む,うらむ
売り切れる,うりきれる
上～,うわ～
運河,うんが
うんと,うんと
英和,えいわ
ええと,ええと
エチケット,エチケット
絵の具,えのぐ
偉い,えらい
～園,～えん
円周,えんしゅう
延長,えんちょう
御～,おん～
追いかける,おいかける
オイル,オイル
電波,でんぱ
テンポ,テンポ
電流,でんりゅう
電力,でんりょく
問い合わせ,といあわせ
～頭,～とう
～等,～とう
～島,～とう
銅,どう
同～,どう～
～道,～どう
峠,とうげ
動作,どうさ
登場,とうじょう
どうせ,どうせ
灯油,とうゆ
童話,どうわ
溶かす,とかす
尖る,とがる
特色,とくしょく
退ける,どける
都心,としん
戸棚,とだな
どっと,どっと
怒鳴る,どなる
殿,どの
留まる,とまる
取り入れる,とりいれる
採る,とる
捕る,とる
～内,～ない
内科,ないか
長～,なが～
仲直り,なかなおり
慰める,なぐさめる
為す,なす
懐かしい,なつかしい
撫でる,なでる
斜め,ななめ
並木,なみき
倣う,ならう
南極,なんきょく
なんとなく,なんとなく
匂う,におう
逃がす,にがす
憎い,にくい
憎む,にくむ
憎らしい,にくらしい
濁る,にごる
虹,にじ
日時,にちじ
日課,にっか
鈍い,にぶい
入社,にゅうしゃ
女房,にょうぼう
睨む,にらむ
俄,にわか
縫う,ぬう
ねじ,ねじ
捩る,ねじる
ネックレス,ネックレス
寝間着,ねまき
寝巻,ねまき
狙い,ねらい
狙う,ねらう
～年生,～ねんせい
年度,ねんど
濃度,のうど
上り,のぼり
糊,のり
鈍い,のろい
呑気,のんき
俳句,はいく
這う,はう
剥す,はがす
ばからしい,ばからしい
秤,はかり
吐き気,はきけ
～泊,～はく
バケツ,バケツ
挟む,はさむ
梯子,はしご
斜,はす
肌着,はだぎ
鉢,はち
～発,～はつ
×,ばつ
発揮,はっき
バック,バック
話合い,はなしあい
花火,はなび
ばね,ばね
跳ねる,はねる
破片,はへん
はめる,はめる
払い込む,はらいこむ
反～,はん～
判子,はんこ
判事,はんじ
番地,ばんち
パンツ,パンツ
バンド,バンド
非～,ひ～
～費,～ひ
比較的,ひかくてき
日陰,ひかげ
引受る,ひきうける
引き返す,ひきかえす
引き止める,ひきとめる
陽射,ひざし
肘,ひじ
ぴたり,ぴたり
引っ掛かる,ひっかかる
筆記,ひっき
一～,ひと～
一通り,ひととおり
人通り,ひとどおり
瞳,ひとみ
一休み,ひとやすみ
独り言,ひとりごと
ひとりでに,ひとりでに
皮肉,ひにく
日日,ひにち
捻る,ひねる
日の出,ひので
響き,ひびき
響く,ひびく
皮膚,ひふ
美容,びよう
標識,ひょうしき
標本,ひょうほん
評論,ひょうろん
昼寝,ひるね
広さ,ひろさ
広場,ひろば
ピンク,ピンク
～部,～ぶ
ファスナー,ファスナー
～風,～ふう
不運,ふうん
付近,ふきん
副～,ふく～
副詞,ふくし
膨らます,ふくらます
不潔,ふけつ
更ける,ふける
符号,ふごう
夫妻,ふさい
塞ぐ,ふさぐ
無沙汰,ぶさた
武士,ぶし
部首,ぶしゅ
襖,ふすま
附属,ふぞく
蓋,ふた
部品,ぶひん
吹雪,ふぶき
父母,ふぼ
麓,ふもと
フライパン,フライパン
ぶらさげる,ぶらさげる
ブラシ,ブラシ
～振り,～ぶり
フリー,フリー
古～,ふる～
プログラム,プログラム
噴火,ふんか
分布,ぶんぷ
文房具,ぶんぼうぐ
文脈,ぶんみゃく
分量,ぶんりょう
平気,へいき
平野,へいや
凹む,へこむ
へそ,へそ
～遍,～へん
～弁,～べん
編集,へんしゅう
ペンチ,ペンチ
～歩,～ほ
～ぽい,～ぽい
防～,ぼう～
箒,ほうき
防止,ぼうし
包丁,ほうちょう
坊や,ぼうや
放る,ほうる
牧場,ぼくじょう
保健,ほけん
干す,ほす
北極,ほっきょく
坊っちゃん,ぼっちゃん
解く,ほどく
掘る,ほる
彫る,ほる
ぼろ,ぼろ
盆,ぼん
盆地,ぼんち
本部,ほんぶ
毎～,まい～
毎度,まいど
枕,まくら
曲げる,まげる
摩擦,まさつ
マスク,マスク
またぐ,またぐ
祭る,まつる
真似る,まねる
まぶた,まぶた
稀,まれ
回り道,まわりみち
マンション,マンション
未～,み～
見掛け,みかけ
岬,みさき
みじめ,みじめ
ミシン,ミシン
水着,みずぎ
店屋,みせや
見出し,みだし
道順,みちじゅん
実る,みのる
身分,みぶん
見本,みほん
見舞う,みまう
未満,みまん
民主～,みんしゅ～
～向け,～むけ
無限,むげん
無地,むじ
無数,むすう
群れ,むれ
姪,めい
名～,めい～
～名,～めい
恵まれる,めぐまれる
巡る,めぐる
目指す,めざす
目下,めした
目立つ,めだつ
めまい,めまい
目安,めやす
目次,もくじ
潜る,もぐる
モダン,モダン
餅,もち
～もち,～もち
モデル,モデル
物語る,ものがたる
物凄い,ものすごい
モノレール,モノレール
紅葉,もみじ
揉む,もむ
盛る,もる
～問,～もん
～夜,～や
やかましい,やかましい
夜間,やかん
やかん,やかん
役目,やくめ
火傷,やけど
夜行,やこう
薬局,やっきょく
やっつける,やっつける
家主,やぬし
破く,やぶく
軟らかい,やわらかい
遊園地,ゆうえんち
夕日,ゆうひ
有料,ゆうりょう
浴衣,ゆかた
行方,ゆくえ
湯気,ゆげ
輸血,ゆけつ
輸送,ゆそう
油断,ゆだん
湯飲み,ゆのみ
緩い,ゆるい
用語,ようご
要旨,ようし
幼児,ようじ
幼稚,ようち
幼稚園,ようちえん
用途,ようと
要領,ようりょう
翌～,よく～
余計,よけい
よこす,よこす
余所,よそ
酔っ払い,よっぱらい
予備,よび
呼び掛ける,よびかける
蘇る,よみがえる
～等,～ら
欄,らん
ランチ,ランチ
ランニング,ランニング
理科,りか
利害,りがい
短期,たんき
たんす,たんす
団地,だんち
誓う,ちかう
近付ける,ちかづける
ちぎる,ちぎる
地質,ちしつ
知人,ちじん
地帯,ちたい
縮む,ちぢむ
チップ,チップ
地点,ちてん
地名,ちめい
茶色い,ちゃいろい
中間,ちゅうかん
中世,ちゅうせい
中性,ちゅうせい
中年,ちゅうねん
彫刻,ちょうこく
長所,ちょうしょ
長女,ちょうじょ
調整,ちょうせい
調節,ちょうせつ
長短,ちょうたん
頂点,ちょうてん
長男,ちょうなん
～丁目,～ちょうめ
直線,ちょくせん
直前,ちょくぜん
直通,ちょくつう
直角,ちょっかく
直径,ちょっけい
追加,ついか
ついで,ついで
～通,～つう
通知,つうち
通帳,つうちょう
通路,つうろ
～付,～つき
突き当たり,つきあたり
突き当たる,つきあたる
月日,つきひ
綱,つな
粒,つぶ
潰す,つぶす
詰まる,つまる
爪,つめ
艶,つや
強気,つよき
吊る,つる
吊す,つるす
低～,てい～
定価,ていか
低下,ていか
定期券,ていきけん
停止,ていし
出入り,でいり
出入口,でいりぐち
手入れ,ていれ
テーマ,テーマ
～滴,～てき
出来上がり,できあがり
出来上がる,できあがる
手首,てくび
手頃,てごろ
弟子,でし
鉄橋,てっきょう
手前,てまえ
照らす,てらす
照る,てる
～点,～てん
伝記,でんき
電球,でんきゅう
電池,でんち
電柱,でんちゅう
作法,さほう
冷ます,さます
覚ます,さます
冷める,さめる
覚める,さめる
左右,さゆう
皿,さら
更に,さらに
去る,さる
猿,さる
騒ぎ,さわぎ
参加,さんか
酸素,さんそ
ジェット機,ジェットき
四角,しかく
直に,じかに
しかも,しかも
四季,しき
直,じき
時期,じき
刺激,しげき
資源,しげん
事件,じけん
時刻,じこく
自殺,じさつ
事実,じじつ
詩人,しじん
自身,じしん
沈む,しずむ
自然,しぜん
思想,しそう
舌,した
次第,しだい
したがって,したがって
質,しつ
失業,しつぎょう
湿気,しっけ
実施,じっし
湿度,しつど
じっと,じっと
実に,じつに
実は,じつは
実力,じつりょく
支店,してん
指導,しどう
自動,じどう
児童,じどう
品,しな
支配,しはい
芝居,しばい
芝生,しばふ
死亡,しぼう
資本,しほん
姉妹,しまい
自慢,じまん
地味,じみ
示す,しめす
占める,しめる
湿る,しめる
下,しも
霜,しも
借金,しゃっきん
週,しゅう
州,しゅう
銃,じゅう
収穫,しゅうかく
修正,しゅうせい
重体,じゅうたい
渋滞,じゅうたい
重大,じゅうだい
住宅,じゅうたく
集団,しゅうだん
住民,じゅうみん
重要,じゅうよう
主義,しゅぎ
宿泊,しゅくはく
手術,しゅじゅつ
首相,しゅしょう
主張,しゅちょう
出身,しゅっしん
出版,しゅっぱん
首都,しゅと
主婦,しゅふ
順,じゅん
瞬間,しゅんかん
順番,じゅんばん
使用,しよう
小,しょう
章,しょう
賞,しょう
上,じょう
障害,しょうがい
条件,じょうけん
正直,しょうじき
常識,じょうしき
少女,しょうじょ
生じる,しょうじる
状態,じょうたい
上達,じょうたつ
冗談,じょうだん
上等,じょうとう
衝突,しょうとつ
商人,しょうにん
承認,しょうにん
少年,しょうねん
商売,しょうばい
商品,しょうひん
賞品,しょうひん
消防,しょうぼう
情報,じょうほう
証明,しょうめい
職,しょく
食卓,しょくたく
食品,しょくひん
植物,しょくぶつ
食物,しょくもつ
食欲,しょくよく
女子,じょし
徐々に,じょじょに
処理,しょり
知らせ,しらせ
尻,しり
印,しるし
城,しろ
身長,しんちょう
慎重,しんちょう
進歩,しんぽ
心理,しんり
水準,すいじゅん
数,すう
数字,すうじ
スープ,スープ
末,すえ
姿,すがた
スキー,スキー
救う,すくう
過ごす,すごす
筋,すじ
スター,スター
頭痛,ずつう
ずっと,ずっと
すてき,すてき
既に,すでに
全て,すべて
角,すみ
墨,すみ
澄む,すむ
清む,すむ
刷る,する
為る,する
すれ違う,すれちがう
ずれる,ずれる
正,せい
生,せい
性,せい
姓,せい
所為,せい
税,ぜい
世紀,せいき
請求,せいきゅう
成長,せいちょう
生長,せいちょう
制度,せいど
政府,せいふ
整理,せいり
咳,せき
石油,せきゆ
世間,せけん
説,せつ
セット,セット
愛,あい
愛情,あいじょう
合図,あいず
相手,あいて
遭う,あう
アウト,アウト
明かり,あかり
空き,あき
諦める,あきらめる
飽きる,あきる
悪魔,あくま
明ける,あける
揚げる,あげる
挙げる,あげる
汗,あせ
温かい,あたたかい
暖まる,あたたまる
温まる,あたたまる
暖める,あたためる
温める,あたためる
辺り,あたり
当たり前,あたりまえ
当たる,あたる
当てる,あてる
跡,あと
穴,あな
油,あぶら
脂,あぶら
粗,あら
嵐,あらし
新た,あらた
現れる,あらわれる
ありがとう,ありがとう
在る; 有る,ある
或,ある
泡,あわ
哀れ,あわれ
案,あん
暗記,あんき
委員,いいん
意外,いがい
行き,いき
行き,ゆき
息,いき
医師,いし
意思,いし
意志,いし
維持,いじ
意識,いしき
泉,いずみ
いずれ,いずれ
以前,いぜん
板,いた
偉大,いだい
抱く,いだく
痛み,いたみ
至る,いたる
市,いち
位置,いち
一時,いちじ
市場,いちば
いつか,いつか
一家,いっか
一瞬,いっしゅん
一生,いっしょう
一致,いっち
いつまでも,いつまでも
移動,いどう
従兄弟,いとこ
従姉妹,いとこ
稲,いね
命,いのち
違反,いはん
衣服,いふく
居間,いま
今に,いまに
否,いや
以来,いらい
依頼,いらい
岩,いわ
祝い,いわい
祝う,いわう
言わば,いわば
インク,インク
印象,いんしょう
ウイスキー,ウイスキー
上,うわ
魚,うお
うがい,うがい
兎,うさぎ
牛,うし
討つ,うつ
撃つ,うつ
映す,うつす
訴える,うったえる
写る,うつる
映る,うつる
うなる,うなる
奪う,うばう
馬,うま
生まれ,うまれ
有無,うむ
梅,うめ
埋める,うめる
売れる,うれる
噂,うわさ
運,うん
永久,えいきゅう
影響,えいきょう
営業,えいぎょう
笑顔,えがお
描く,えがく
餌,えさ
エネルギー,エネルギー
得る,える
得る,うる
円,えん
延期,えんき
演技,えんぎ
老い,おい
王,おう
追う,おう
王子,おうじ
終える,おえる
覆う,おおう
大家,おおや
丘,おか
沖,おき
奥,おく
贈る,おくる
起こる,おこる
お辞儀,おじぎ
お喋り,おしゃべり
汚染,おせん
恐ろしい,おそろしい
大人しい,おとなしい
劣る,おとる
鬼,おに
帯,おび
お昼,おひる
お前,おまえ
おめでとう,おめでとう
思い付く,おもいつく
主に,おもに
泳ぎ,およぎ
およそ,およそ
下す,おろす
降ろす,おろす
卸す,おろす
音,おん
恩,おん
温度,おんど
カー,カー
カード,カード
貝,かい
害,がい
絵画,かいが
開始,かいし
解釈,かいしゃく
外出,がいしゅつ
飼う,かう
帰す,かえす
代える,かえる
替える,かえる
換える,かえる
反る,かえる
香り,かおり
画家,がか
価格,かかく
化学,かがく
係,かかり
罹る,かかる
限る,かぎる
掻く,かく
描く,かく
嗅ぐ,かぐ
家具,かぐ
学,がく
額,がく
覚悟,かくご
学習,がくしゅう
隠す,かくす
影,かげ
陰,かげ
欠ける,かける
加減,かげん
過去,かこ
籠,かご
囲む,かこむ
火災,かさい
飾り,かざり
貸し,かし
菓子,かし
家事,かじ
歌手,かしゅ
数,かず
稼ぐ,かせぐ
型,かた
肩,かた
堅い,かたい
硬い,かたい
刀,かたな
語る,かたる
勝ち,かち
価値,かち
活気,かっき
楽器,がっき
学期,がっき
仮定,かてい
過程,かてい
課程,かてい
かなり,かなり
金,かね
鐘,かね
可能,かのう
株,かぶ
被る,かぶる
我慢,がまん
上,かみ
神,かみ
科目,かもく
かゆい,かゆい
歌謡,かよう
空,から
殻,から
柄,がら
刈る,かる
河,かわ
皮,かわ
革,かわ
可愛そう,かわいそう
渇く,かわく
代る,かわる
缶,かん
勘,かん
観客,かんきゃく
環境,かんきょう
感じ,かんじ
勘定,かんじょう
感情,かんじょう
管理,かんり
完了,かんりょう
議員,ぎいん
記憶,きおく
気温,きおん
機械,きかい
器械,きかい
議会,ぎかい
期間,きかん
機関,きかん
効く,きく
期限,きげん
機嫌,きげん
気候,きこう
岸,きし
生地,きじ
記事,きじ
技師,ぎし
記者,きしゃ
傷,きず
期待,きたい
気体,きたい
帰宅,きたく
きつい,きつい
気付く,きづく
記念,きねん
機能,きのう
寄付,きふ
希望,きぼう
基本,きほん
決まり,きまり
気味,きみ
義務,ぎむ
疑問,ぎもん
逆,ぎゃく
キャプテン,キャプテン
旧,きゅう
級,きゅう
球,きゅう
休憩,きゅうけい
急激,きゅうげき
救助,きゅうじょ
急速,きゅうそく
休息,きゅうそく
器用,きよう
教授,きょうじゅ
共通,きょうつう
共同,きょうどう
許可,きょか
局,きょく
嫌う,きらう
霧,きり
切れ,きれ
切れる,きれる
記録,きろく
議論,ぎろん
金,きん
銀,ぎん
金庫,きんこ
禁止,きんし
緊張,きんちょう
食う,くう
臭い,くさい
鎖,くさり
腐る,くさる
癖,くせ
管,くだ
具体,ぐたい
下り,くだり
下る,くだる
苦痛,くつう
区別,くべつ
組,くみ
組む,くむ
汲む,くむ
酌む,くむ
位,くらい
暮らし,くらし
クラシック,クラシック
暮らす,くらす
グラス,グラス
繰り返す,くりかえす
クリスマス,クリスマス
狂う,くるう
暮れ,くれ
苦労,くろう
訓,くん
軍,ぐん
郡,ぐん
計,けい
敬意,けいい
景気,けいき
掲示,けいじ
刑事,けいじ
芸術,げいじゅつ
経由,けいゆ
ケース,ケース
ゲーム,ゲーム
劇,げき
劇場,げきじょう
けち,けち
結果,けっか
結局,けっきょく
煙,けむり
蹴る,ける
券,けん
県,けん
言語,げんご
検査,けんさ
現象,げんしょう
現状,げんじょう
現場,げんば
権利,けんり
恋,こい
濃い,こい
効果,こうか
硬貨,こうか
高価,こうか
豪華,ごうか
工場,こうば
候補,こうほ
越える,こえる
超える,こえる
コーチ,コーチ
コード,コード
氷,こおり
凍る,こおる
ゴール,ゴール
誤解,ごかい
語学,ごがく
極,ごく
国語,こくご
腰,こし
個人,こじん
越す,こす
超す,こす
国家,こっか
国境,こっきょう
琴,こと
粉,こな
好み,このみ
好む,このむ
こぼす,こぼす
塵,ごみ
小麦,こむぎ
小屋,こや
これら,これら
殺す,ころす
転ぶ,ころぶ
今後,こんご
こんにちは,こんにちは
際,さい
最終,さいしゅう
最中,さいちゅう
材料,ざいりょう
サイン,サイン
境,さかい
盛り,さかり
裂く,さく
昨,さく
桜,さくら
酒,さけ
叫ぶ,さけぶ
避ける,さける
刺さる,ささる
刺す,さす
指す,さす
挿す,さす
注す,さす
射す,さす
座席,ざせき
誘う,さそう
札,さつ
作家,さっか
作曲,さっきょく
ざっと,ざっと
さて,さて
砂漠,さばく
差別,さべつ
ママ,ママ
豆,まめ
守る,まもる
迷う,まよう
丸,まる
円,まる
まるで,まるで
味方,みかた
見事,みごと
ミス,ミス
満ちる,みちる
密,みつ
見舞い,みまい
土産,みやげ
都,みやこ
妙,みょう
未来,みらい
診る,みる
ミルク,ミルク
向かい,むかい
迎え,むかえ
向く,むく
剥く,むく
向ける,むける
無視,むし
蒸し暑い,むしあつい
虫歯,むしば
寧ろ,むしろ
蒸す,むす
結ぶ,むすぶ
無駄,むだ
胸,むね
名刺,めいし
名詞,めいし
目上,めうえ
飯,めし
メモ,メモ
面,めん
綿,めん
申し込む,もうしこむ
申し訳,もうしわけ
毛布,もうふ
燃える,もえる
目標,もくひょう
文字,もじ
文字,もんじ
もしも,もしも
持ち上げる,もちあげる
元,もと
基,もと
素,もと
戻す,もどす
者,もの
物語,ものがたり
燃やす,もやす
模様,もよう
文句,もんく
やがて,やがて
役,やく
約,やく
訳,やく
訳す,やくす
家賃,やちん
宿,やど
雇う,やとう
屋根,やね
破る,やぶる
辞める,やめる
やや,やや
勇気,ゆうき
優秀,ゆうしゅう
優勝,ゆうしょう
友情,ゆうじょう
有利,ゆうり
床,ゆか
愉快,ゆかい
譲る,ゆずる
豊か,ゆたか
茹でる,ゆでる
許す,ゆるす
夜明け,よあけ
酔う,よう
容易,ようい
容器,ようき
陽気,ようき
要求,ようきゅう
様子,ようす
要するに,ようするに
要素,ようそ
曜日,ようび
ヨーロッパ,ヨーロッパ
予期,よき
汚す,よごす
予算,よさん
止す,よす
寄せる,よせる
予測,よそく
ヨット,ヨット
夜中,よなか
余分,よぶん
予報,よほう
予防,よぼう
読み,よみ
嫁,よめ
余裕,よゆう
より,より
因る,よる
四,よん
来,らい～
楽,らく
利益,りえき
理解,りかい
陸,りく
利口,りこう
離婚,りこん
理想,りそう
率,りつ
留学,りゅうがく
流行,りゅうこう
量,りょう
寮,りょう
両替,りょうがえ
料金,りょうきん
例,れい
礼,れい
礼儀,れいぎ
列,れつ
レベル,レベル
ワイン,ワイン
別れ,わかれ
脇,わき
湧く,わく
分ける,わける
わざと,わざと
僅か,わずか
綿,わた
話題,わだい
笑い,わらい
割る,わる
湾,わん
椀,わん
碗,わん
悪,あく
当り,あたり
アップ,アップ
宛てる,あてる
アンケート,アンケート
医院,いいん
怒り,いかり
粋,いき
意地,いじ
依然,いぜん
異動,いどう
渦,うず
埋まる,うまる
産む,うむ
縁,えん
負う,おう
遅れ,おくれ
教え,おしえ
織る,おる
欠く,かく
角,かく
核,かく
格,かく
駆ける,かける
賭ける,かける
課題,かだい
加味,かみ
借り,かり
狩り,かり
管,かん
～観,かん
癌,がん
官僚,かんりょう
器官,きかん
季刊,きかん
起源,きげん
機構,きこう
築く,きずく
規制,きせい
享受,きょうじゅ
切り,きり
菌,きん
近視,きんし
群,ぐん
刑,けい
経緯,けいい
計器,けいき
契機,けいき
件,けん
減少,げんしょう
語句,ごく
個々,ここ
故人,こじん
小銭,こぜに
コンテスト,コンテスト
採集,さいしゅう
作,さく
策,さく
設備,せつび
攻める,せめる
責める,せめる
善,ぜん
全,ぜん
象,ぞう
増加,ぞうか
操作,そうさ
装置,そうち
速度,そくど
底,そこ
そこで,そこで
組織,そしき
そして,そして
注ぐ,そそぐ
育つ,そだつ
そっと,そっと
袖,そで
蕎麦,そば
粗末,そまつ
それと,それと
揃う,そろう
損,そん
尊重,そんちょう
対,たい
大,だい
題,だい
大気,たいき
大使,たいし
体重,たいじゅう
対象,たいしょう
対照,たいしょう
態度,たいど
代表,だいひょう
大部分,だいぶぶん
逮捕,たいほ
ダイヤ,ダイヤ
平ら,たいら
代理,だいり
倒す,たおす
タオル,タオル
だが,だが
互い,たがい
宝,たから
宅,たく
炊く,たく
焚く,たく
抱く,だく
だけど,だけど
たしか,たしか
確かめる,たしかめる
ただ,ただ
只,ただ
唯,ただ
叩く,たたく
畳む,たたむ
立ち上がる,たちあがる
立場,たちば
建つ,たつ
経つ,たつ
唯,たった
だって,だって
たとえ,たとえ
谷,たに
他人,たにん
種,たね
束,たば
足袋,たび
度,たび
旅,たび
玉,たま
球,たま
弾,たま
偶,たま
騙す,だます
たまらない,たまらない
溜まる,たまる
黙る,だまる
試し,ためし
試す,ためす
溜める,ためる
便り,たより
頼る,たよる
段,だん
単位,たんい
単語,たんご
男子,だんし
単純,たんじゅん
誕生,たんじょう
ダンス,ダンス
単に,たんに
地位,ちい
地域,ちいき
チーズ,チーズ
チーム,チーム
知恵,ちえ
地下,ちか
違い,ちがい
違いない,ちがいない
地区,ちく
遅刻,ちこく
知事,ちじ
知識,ちしき
知能,ちのう
地平線,ちへいせん
地方,ちほう
茶,ちゃ
中,ちゅう
注,ちゅう
中央,ちゅうおう
中学,ちゅうがく
駐車,ちゅうしゃ
中心,ちゅうしん
注目,ちゅうもく
注文,ちゅうもん
ちょうだい,ちょうだい
直接,ちょくせつ
散らす,ちらす
散る,ちる
遂に,ついに
通過,つうか
通貨,つうか
掴む,つかむ
疲れ,つかれ
付く,つく
就く,つく
突く,つく
次ぐ,つぐ
注ぐ,つぐ
付ける,つける
着ける,つける
土,つち
続き,つづき
包み,つつみ
勤め,つとめ
務め,つとめ
繋ぐ,つなぐ
常に,つねに
翼,つばさ
つまり,つまり
罪,つみ
積む,つむ
詰める,つめる
積もる,つもる
梅雨,つゆ
辛い,つらい
釣,つり
連れ,つれ
出会い,であい
出合い,であい
出会う,であう
定期,ていき
提出,ていしゅつ
程度,ていど
デート,デート
敵,てき
適度,てきど
手品,てじな
鉄,てつ
徹夜,てつや
手間,てま
デモ,デモ
電子,でんし
テント,テント
問い,とい
党,とう
塔,とう
銅貨,どうか
当時,とうじ
動詞,どうし
同時,どうじ
どうしても,どうしても
到着,とうちゃく
投票,とうひょう
同僚,どうりょう
道路,どうろ
通す,とおす
都会,とかい
溶く,とく
解く,とく
退く,どく
毒,どく
得意,とくい
特徴,とくちょう
特長,とくちょう
溶ける,とける
解ける,とける
どこか,どこか
登山,とざん
都市,とし
図書,としょ
閉じる,とじる
途端,とたん
土地,とち
トップ,トップ
届く,とどく
飛ばす,とばす
留める,とめる
泊める,とめる
友,とも
共に,ともに
虎,とら
ドラマ,ドラマ
取り上げる,とりあげる
ドレス,ドレス
取れる,とれる
泥,どろ
トン,トン
なお,なお
仲,なか
流す,ながす
半ば,なかば
仲間,なかま
中身,なかみ
中味,なかみ
眺め,ながめ
流れ,ながれ
亡くす,なくす
殴る,なぐる
無し,なし
謎,なぞ
何か,なにか
なにも,なにも
鍋,なべ
生,なま
波,なみ
涙,なみだ
悩む,なやむ
鳴らす,ならす
為る,なる
生る,なる
馴れる,なれる
縄,なわ
何で,なんで
似合う,にあう
煮える,にえる
苦手,にがて
握る,にぎる
日,にち
日常,にちじょう
日中,にっちゅう
日本,にほん
煮る,にる
人気,にんき
抜く,ぬく
抜ける,ぬける
布,ぬの
濡らす,ぬらす
願い,ねがい
願う,ねがう
鼠,ねずみ
熱中,ねっちゅう
年中,ねんじゅう
能,のう
農家,のうか
農業,のうぎょう
能力,のうりょく
ノー,ノー
軒,のき
残す,のこす
残り,のこり
乗せる,のせる
載せる,のせる
覗く,のぞく
除く,のぞく
望み,のぞみ
望む,のぞむ
後,のち
ノック,ノック
伸ばす,のばす
延ばす,のばす
伸びる,のびる
延びる,のびる
述べる,のべる
上る,のぼる
昇る,のぼる
載る,のる
パーセント,パーセント
灰,はい
梅雨,ばいう
バイオリン,バイオリン
ハイキング,ハイキング
パイプ,パイプ
パイロット,パイロット
生える,はえる
墓,はか
馬鹿,ばか
博士,はかせ
計る,はかる
量る,はかる
測る,はかる
掃く,はく
吐く,はく
はさみ,はさみ
破産,はさん
端,はし
パス,パス
外す,はずす
パスポート,パスポート
旗,はた
肌,はだ
裸,はだか
畑,はたけ
バッグ,バッグ
発表,はっぴょう
派手,はで
話し合う,はなしあう
離す,はなす
放す,はなす
羽,はね
羽根,はね
幅,はば
省く,はぶく
場面,ばめん
流行る,はやる
腹,はら
原,はら
針,はり
範囲,はんい
ビール,ビール
被害,ひがい
比較,ひかく
ピクニック,ピクニック
悲劇,ひげき
飛行,ひこう
膝,ひざ
美人,びじん
額,ひたい
日付,ひづけ
必死,ひっし
否定,ひてい
ビデオ,ビデオ
独り,ひとり
批判,ひはん
秘密,ひみつ
紐,ひも
冷やす,ひやす
費用,ひよう
表,ひょう
秒,びょう
表現,ひょうげん
平等,びょうどう
評判,ひょうばん
表面,ひょうめん
品,ひん
瓶,びん
便,びん
ピン,ピン
不安,ふあん
夫婦,ふうふ
笛,ふえ
不可,ふか
武器,ぶき
拭く,ふく
含む,ふくむ
袋,ふくろ
不幸,ふこう
節,ふし
無事,ぶじ
不思議,ふしぎ
夫人,ふじん
婦人,ふじん
不正,ふせい
防ぐ,ふせぐ
不足,ふそく
舞台,ぶたい
双子,ふたご
普段,ふだん
縁,ふち
打つ,ぶつ
不通,ふつう
物価,ぶっか
物理,ぶつり
筆,ふで
ふと,ふと
部分,ぶぶん
不平,ふへい
不満,ふまん
増やす,ふやす
殖やす,ふやす
プラス,プラス
プラン,プラン
不利,ふり
振る,ふる
触れる,ふれる
プロ,プロ
分,ぶん
文,ぶん
分野,ぶんや
塀,へい
平和,へいわ
別に,べつに
減らす,へらす
減る,へる
ベルト,ベルト
変化,へんか
ペンキ,ペンキ
ベンチ,ベンチ
方,ほう
法,ほう
棒,ぼう
豊富,ほうふ
吠える,ほえる
ボーイ,ボーイ
ボート,ボート
ホーム,ホーム
ボール,ボール
他,ほか
誇り,ほこり
埃,ほこり
保存,ほぞん
歩道,ほどう
仏,ほとけ
骨,ほね
炎,ほのお
頬,ほほ
頬,ほお
ほぼ,ほぼ
堀,ほり
濠,ほり
本当,ほんと
まあ,まあ
マーケット,マーケット
マイク,マイク
迷子,まいご
巻く,まく
蒔く,まく
撒く,まく
幕,まく
負け,まけ
孫,まご
まさか,まさか
まさに,まさに
混ざる,まざる
交ざる,まざる
混じる,まじる
交じる,まじる
増す,ます
混ぜる,まぜる
交ぜる,まぜる
街,まち
松,まつ
真っ赤,まっか
祭,まつり
学ぶ,まなぶ
真似,まね
招く,まねく
柵,さく
裂ける,さける
裁く,さばく
酸化,さんか
資格,しかく
視覚,しかく
指揮,しき
磁気,じき
磁器,じき
自己,じこ
字体,じたい
辞退,じたい
視点,してん
脂肪,しぼう
志望,しぼう
衆,しゅう
住,じゅう
私用,しよう
仕様,しよう
情,じょう
生涯,しょうがい
正体,しょうたい
照明,しょうめい
女史,じょし
助詞,じょし
真理,しんり
擦る,する
正規,せいき
生理,せいり
節,せつ
膳,ぜん
禅,ぜん
相,そう
沿う,そう
添う,そう
僧,そう
像,ぞう
捜査,そうさ
操縦,そうじゅう
隊,たい
ダウン,ダウン
断つ,たつ
盾,たて
例え,たとえ
挑戦,ちょうせん
対,つい
接ぐ,つぐ
継ぐ,つぐ
摘む,つむ
露,つゆ
データ,データ
問う,とう
棟,とう
同士,どうし
同志,どうし
説く,とく
綴じる,とじる
供,とも
並,なみ
慣らす,ならす
馴らす,ならす
難,なん
脳,のう
臨む,のぞむ
肺,はい
～敗,はい
映える,はえる
諮る,はかる
図る,はかる
生やす,はやす
班,はん
判,はん
版,はん
非行,ひこう
票,ひょう
福,ふく
振り,ふり
経る,へる
保護,ほご
ほっと,ほっと
前もって,まえもって
膜,まく
股,また
末,まつ
マッサージ,マッサージ
捲る,めくる
メッセージ,メッセージ
野党,やとう
優,ゆう
有機,ゆうき
良い,よい
予想,よそう
ラベル,ラベル
ルール,ルール
枠,わく
踏む,ふむ
～区,～く
すっと,すっと
盗む,ぬすむ
鳴る,なる
生きる,いきる
苦い,にがい
沸く,わく
意見,いけん
漫画,まんが
医学,いがく
～月,～つき
折る,おる
～会,～かい
僕,ぼく
壊す,こわす
怒る,おこる
床屋,とこや
オートバイ,オートバイ
止む,やむ
もし,もし
表,おもて
別,べつ
非常に,ひじょうに
お宅,おたく
柔らかい,やわらかい
拾う,ひろう
つもり,つもり
だめ,だめ
売り場,うりば
正月,しょうがつ
規則,きそく
うん,うん
焼く,やく
屋上,おくじょう
ごみ,ごみ
点,てん
今度,こんど
機会,きかい
建てる,たてる
彼,かれ
布団,ふとん
大事,だいじ
贈り物,おくりもの
～製,～せい
～軒,～けん
そう,そう
通る,とおる
過ぎる,すぎる
地震,じしん
すると,すると
止める,やめる
ガラス,ガラス
月,つき
絹,きぬ
深い,ふかい
揺れる,ゆれる
落る,おちる
できるだけ,できるだけ
ガス,ガス
祈る,いのる
盛ん,さかん
アルバイト,アルバイト
起こす,おこす
致す,いたす
噛む,かむ
赤ちゃん,あかちゃん
浅い,あさい
小説,しょうせつ
親,おや
それに,それに
思う,おもう
時代,じだい
～式,～しき
～家,～か
触る,さわる
建て,～だて
社長,しゃちょう
捕まえる,つかまえる
季節,きせつ
寄る,よる
決まる,きまる
開く,ひらく
逃げる,にげる
だから,だから
畳,たたみ
地理,ちり
さっき,さっき
怖い,こわい
包む,つつむ
無理,むり
会議室,かいぎしつ
人形,にんぎょう
利用,りよう
飾る,かざる
止める,とめる
恥ずかしい,はずかしい
用事,ようじ
ビル,ビル
けんかする,けんかする
投げる,なげる
力,ちから
受ける,うける
気分,きぶん
間違える,まちがえる
そんな,そんな
星,ほし
場合,ばあい
やっと,やっと
足りる,たりる
ぶどう,ぶどう
世界,せかい
住所,じゅうしょ
再来月,さらいげつ
林,はやし
倍,ばい
痩せる,やせる
線,せん
決める,きめる
寝坊,ねぼう
パパ,パパ
光る,ひかる
夫,おっと
雲,くも
坂,さか
柔道,じゅうどう
客,きゃく
昔,むかし
美しい,うつくしい
捨てる,すてる
なさる,なさる
事,こと
試合,しあい
素晴らしい,すばらしい
終わり,おわり
壁,かべ
一度,いちど
お礼,おれい
もらう,もらう
泣く,なく
治る,なおる
熱,ねつ
匂い,におい
ベル,ベル
赤ん坊,あかんぼう
事故,じこ
変,へん
辞典,じてん
残る,のこる
立てる,たてる
くれる,くれる
～員,～いん
いただく,頂く
祖母,そぼ
場所,ばしょ
答,こたえ
漬ける,つける
内,うち
スクリーン,スクリーン
増える,ふえる
または,または
以下,いか
選ぶ,えらぶ
心,こころ
～だす,～だす
サラダ,サラダ
あいさつする,挨拶
景色,けしき
確か,たしか
森,もり
以内,いない
予定,よてい
乾く,かわく
石,いし
思い出す,おもいだす
踊る,おどる
塗る,ぬる
ご主人,ごしゅじん
珍しい,めずらしい
用,よう
公務員,こうむいん
用意,ようい
探す,さがす
形,かたち
味噌,みそ
通う,かよう
連れる,つれる
小鳥,ことり
ジャム,ジャム
鏡,かがみ
はず,はず
進む,すすむ
おる,おる
申す,もうす
試験,しけん
真面目,まじめ
泊まる,とまる
今夜,こんや
おつり,おつり
会話,かいわ
空気,くうき
急行,きゅうこう
皆,みな
味,あじ
校長,こうちょう
踊り,おどり
都合,つごう
科学,かがく
差し上げる,さしあげる
気持ち,きもち
祖父,そふ
港,みなと
予約,よやく
凄い,すごい
片付ける,かたづける
写す,うつす
火事,かじ
足す,たす
教会,きょうかい
彼ら,かれら
いっぱい,一杯
理由,りゆう
着物,きもの
暮れる,くれる
釣る,つる
打つ,うつ
あんな,あんな
昼間,ひるま
教育,きょういく
米,こめ
邪魔,じゃま
隅,すみ
夢,ゆめ
喉,のど
周り,まわり
歴史,れきし
不便,ふべん
～続ける,～つづける
ひどい,ひどい
叱る,しかる
うまい,うまい
変える,かえる
沸かす,わかす
レジ,レジ
特に,とくに
空く,あく
通り,とおり
下着,したぎ
こう,こう
是非,ぜひ
裏,うら
為,ため
変わる,かわる
以外,いがい
済む,すむ
ハンバーグ,ハンバーグ
遊び,あそび
支度,したくする
～始める,～はじめる
見える,みえる
十分,じゅうぶん
音,おと
きっと,きっと
まず,まず
遠く,とおく
折れる,おれる
返事,へんじ
産業,さんぎょう
島,しま
道具,どうぐ
滑る,すべる
～まま,～まま
特急,とっきゅう
プレゼント,プレゼント
妻,つま
帰り,かえり
具合,ぐあい
堅; 硬; 固い,かたい
スーツ,スーツ
危険,きけん
髪,かみ
間,あいだ
卒業,そつぎょう
それで,それで
枝,えだ
送る,おくる
あげる,あげる
騒ぐ,さわぐ
政治,せいじ
市民,しみん
ファックス,ファックス
負ける,まける
指輪,ゆびわ
田舎,いなか
講義,こうぎ
昼休み,ひるやすみ
忘れ物,わすれもの
下りる,おりる
腕,うで
訳,わけ
日記,にっき
似る,にる
留守,るす
寺,てら
慣れる,なれる
普通,ふつう
息子,むすこ
会場,かいじょう
笑う,わらう
運ぶ,はこぶ
光,ひかり
席,せき
～様,～さま
下る,さがる
アジア,アジア
褒める,ほめる
空く,すく
合う,あう
～代,～だい
最後,さいご
値段,ねだん
久しぶり,ひさしぶり
汽車,きしゃ
召し上がる,めしあがる
太る,ふとる
注射,ちゅうしゃ
様,よう
～おき,～おき
御～,ご～
直る,なおる
直す,なおす
続く,つづく
将来,しょうらい
億,おく
文化,ぶんか
払う,はらう
習慣,しゅうかん
焼ける,やける
君,きみ
冷える,ひえる
点く,つく
この間,このあいだ
かっこう,格好
落す,おとす
明日,あす
割れる,われる
背中,せなか
～君,～くん
おっしゃる,おっしゃる
眠い,ねむい
濡れる,ぬれる
考える,かんがえる
向かう,むかう
自由,じゆう
仕方,しかた
首,くび
程,ほど
代わり,かわり
工業,こうぎょう
移る,うつる
ひげ,ひげ
工場,こうじょう
紹介,しょうかい
舟,ふね
動く,うごく
コンサート,コンサート
虫,むし
植える,うえる
両方,りょうほう
勝つ,かつ
砂,すな
取り替える,とりかえる
急ぐ,いそぐ
参る,まいる
復習,ふくしゅう
役に立つ,やくにたつ
戻る,もどる
研究,けんきゅう
ケーキ,ケーキ
草,くさ
込む,こむ
下げる,さげる
花見,はなみ
乗り換える,のりかえる
テニス,テニス
眠る,ねむる
上がる,あがる
おかげ,お陰
娘,むすめ
競争,きょうそう
会議,かいぎ
糸,いと
ピアノ,ピアノ
～目,～め
急,きゅう
棚,たな
木綿,もめん
タイプ,タイプ
すり,すり
うれしい,嬉しい
アルコール,アルコール
ソフト,ソフト
大分,だいぶ
趣味,しゅみ
家内,かない
指,ゆび
たまに,たまに
ああ,ああ
会う,あう
青,あお
青い,あおい
赤,あか
赤い,あかい
秋,あき
開く,あく
開ける,あける
上げる,あげる
朝,あさ
朝御飯,あさごはん
足; 脚,あし
明日,あした
あそこ,あそこ
遊ぶ,あそぶ
暖かい,あたたかい
頭,あたま
新しい,あたらしい
あちら,あちら
暑い,あつい
熱い,あつい
厚い,あつい
あっち,あっち
後,あと
あなた,あなた
兄,あに
姉,あね
あの,あの
浴びる,あびる
甘い,あまい
余り,あまり
雨,あめ
飴,あめ
洗う,あらう
在る,ある
有る,ある
歩く,あるく
あれ,あれ
いいえ,いいえ
言う,いう
家,いえ
いかが,いかが
いくつ,いくつ
いくら,いくら
池,いけ
医者,いしゃ
椅子,いす
忙しい,いそがしい
痛い,いたい
一,いち
いつ,いつ
五日,いつか
五つ,いつつ
いつも,いつも
犬,いぬ
今,いま
意味,いみ
嫌,いや
居る,いる
要る,いる
入れる,いれる
色,いろ
上,うえ
後ろ,うしろ
薄い,うすい
歌,うた
歌う,うたう
うち,うち
海,うみ
売る,うる
上着,うわぎ
映画,えいが
映画館,えいがかん
英語,えいご
ええ,ええ
駅,えき
～円,～えん
お～,お～
多い,おおい
お母さん,おかあさん
お菓子,おかし
お金,おかね
起きる,おきる
置く,おく
お酒,おさけ
お皿,おさら
おじいさん,おじいさん
押す,おす
遅い,おそい
お茶,おちゃ
お手洗い,おてあらい
お父さん,おとうさん
男,おとこ
男の子,おとこのこ
大人,おとな
お腹,おなか
同じ,おなじ
お兄さん,おにいさん
お姉さん,おねえさん
おばあさん,おばあさん
お風呂,おふろ
お弁当,おべんとう
重い,おもい
面白い,おもしろい
泳ぐ,およぐ
降りる,おりる
終る,おわる
女,おんな
女の子,おんなのこ
～回,～かい
～階,～かい
買う,かう
返す,かえす
帰る,かえる
顔,かお
かかる,かかる
鍵,かぎ
書く,かく
掛ける,かける
かける,かける
傘,かさ
貸す,かす
風,かぜ
風邪,かぜ
方,かた
家族,かぞく
～月,～がつ
カップ,カップ
家庭,かてい
角,かど
かばん,かばん
花瓶,かびん
かぶる,かぶる
紙,かみ
カメラ,カメラ
辛い,からい
体,からだ
借りる,かりる
～がる,～がる
軽い,かるい
カレー,カレー
カレンダー,カレンダー
川; 河,かわ
～側,～がわ
漢字,かんじ
黄色,きいろ
消える,きえる
聞く,きく
北,きた
ギター,ギター
喫茶店,きっさてん
切手,きって
切符,きっぷ
昨日,きのう
九,きゅう
牛肉,ぎゅうにく
今日,きょう
教室,きょうしつ
兄弟,きょうだい
嫌い,きらい
切る,きる
着る,きる
綺麗,きれい
金曜日,きんようび
薬,くすり
口,くち
靴,くつ
国,くに
曇り,くもり
曇る,くもる
暗い,くらい
クラス,クラス
グラム,グラム
来る,くる
車,くるま
黒,くろ
黒い,くろい
今朝,けさ
消す,けす
月曜日,げつようび
元気,げんき
～個,～こ
～語,～ご
交差点,こうさてん
声,こえ
コート,コート
ここ,ここ
午後,ごご
午前,ごぜん
こちら,こちら
こっち,こっち
コップ,コップ
今年,ことし
言葉,ことば
子供,こども
この,この
御飯,ごはん
コピーする,コピーする
困る,こまる
これ,これ
今週,こんしゅう
こんな,こんな
さあ,さあ
～歳,～さい
財布,さいふ
魚,さかな
先,さき
咲く,さく
差す,さす
～冊,～さつ
雑誌,ざっし
砂糖,さとう
寒い,さむい
さ来年,さらいねん
～さん,～さん
三,さん
～時,～じ
塩,しお
しかし,しかし
時間,じかん
仕事,しごと
辞書,じしょ
静か,しずか
下,した
七,しち
自転車,じてんしゃ
自動車,じどうしゃ
死ぬ,しぬ
字引,じびき
自分,じぶん
閉まる,しまる
閉める,しめる
締める,しめる
シャツ,シャツ
十,じゅう
授業,じゅぎょう
宿題,しゅくだい
食堂,しょくどう
知る,しる
白,しろ
白い,しろい
～人,～じん
水曜日,すいようび
吸う,すう
好き,すき
～すぎ,～すぎ
すぐに,すぐに
少し,すこし
～ずつ,～ずつ
ズボン,ズボン
住む,すむ
する,する
座る,すわる
背,せい
生徒,せいと
背広,せびろ
狭い,せまい
ゼロ,ゼロ
千,せん
先週,せんしゅう
全部,ぜんぶ
そこ,そこ
そちら,そちら
そっち,そっち
外,そと
その,その
そば,そば
空,そら
それ,それ
～台,～だい
大使館,たいしかん
台所,だいどころ
高い,たかい
～だけ,～だけ
出す,だす
～たち,～たち
立つ,たつ
たて,たて
頼む,たのむ
たばこ,たばこ
多分,たぶん
食べる,たべる
卵,たまご
誰,だれ
誰か,だれか
近い,ちかい
違う,ちがう
近く,ちかく
地図,ちず
父,ちち
使う,つかう
次,つぎ
着く,つく
机,つくえ
作る,つくる
つける,つける
つまらない,つまらない
強い,つよい
テープ,テープ
手紙,てがみ
できる,できる
出口,でぐち
テスト,テスト
では,では
でも,でも
出る,でる
テレビ,テレビ
天気,てんき
電気,でんき
電話,でんわ
～度,～ど
ドア,ドア
トイレ,トイレ
どう,どう
どうぞ,どうぞ
どうも,どうも
遠い,とおい
十日,とおか
～時,～とき
時計,とけい
どこ,どこ
所,ところ
年,とし
図書館,としょかん
どちら,どちら
どっち,どっち
とても,とても
どなた,どなた
隣,となり
どの,どの
飛ぶ,とぶ
止まる,とまる
鳥,とり
取る,とる
撮る,とる
どれ,どれ
どんな,どんな
ない,ない
ナイフ,ナイフ
中,なか
長い,ながい
鳴く,なく
無くす,なくす
なぜ,なぜ
夏,なつ
夏休み,なつやすみ
～など,～など
七つ,ななつ
七日,なのか
名前,なまえ
習う,ならう
並ぶ,ならぶ
なる,なる
何～,なん～
肉,にく
西,にし
～日,～にち
日曜日,にちようび
荷物,にもつ
庭,にわ
～人,～にん
脱ぐ,ぬぐ
温い,ぬるい
猫,ねこ
寝る,ねる
～年,～ねん
ノート,ノート
登る,のぼる
飲む,のむ
乗る,のる
パーティー,パーティー
はい,はい
～杯,～はい
入る,はいる
葉書,はがき
はく,はく
箱,はこ
橋,はし
箸,はし
初め; 始め,はじめ
走る,はしる
バス,バス
バター,バター
二十歳,はたち
八,はち
二十日,はつか
花,はな
鼻,はな
話,はなし
話す,はなす
母,はは
早い,はやい
速い,はやい
春,はる
貼る,はる
晴れ,はれ
晴れる,はれる
半,はん
晩,ばん
～番,～ばん
パン,パン
晩御飯,ばんごはん
東,ひがし
～匹,～ひき
引く,ひく
弾く,ひく
低い,ひくい
左,ひだり
人,ひと
一つ,ひとつ
一人,ひとり
暇,ひま
百,ひゃく
病院,びょういん
昼,ひる
昼御飯,ひるごはん
広い,ひろい
プール,プール
吹く,ふく
服,ふく
二つ,ふたつ
二人,ふたり
二日,ふつか
太い,ふとい
冬,ふゆ
降る,ふる
古い,ふるい
～分,～ふん
文章,ぶんしょう
ページ,ページ
下手,へた
ベッド,ベッド
ペット,ペット
部屋,へや
辺,へん
ペン,ペン
便利,べんり
帽子,ぼうし
ボールペン,ボールペン
外,ほか
欲しい,ほしい
ポスト,ポスト
細い,ほそい
ボタン,ボタン
ホテル,ホテル
本,ほん
～本,～ほん
～枚,～まい
毎週,まいしゅう
前,まえ
～前,～まえ
曲る,まがる
まずい,まずい
また,また
まだ,まだ
町,まち
待つ,まつ
マッチ,マッチ
窓,まど
丸い; 円い,まるい
万,まん
磨く,みがく
右,みぎ
水,みず
店,みせ
見せる,みせる
道,みち
三日,みっか
三つ,みっつ
緑,みどり
南,みなみ
耳,みみ
見る,みる
みんな,みんな
六日,むいか
向こう,むこう
難しい,むずかしい
六つ,むっつ
村,むら
眼鏡,めがね
もう,もう
木曜日,もくようび
持つ,もつ
もっと,もっと
物,もの
門,もん
～屋,～や
八百屋,やおや
野菜,やさい
安い,やすい
休み,やすみ
休む,やすむ
八つ,やっつ
山,やま
やる,やる
昨夜,ゆうべ
雪,ゆき
ゆっくりと,ゆっくりと
八日,ようか
よく,よく
横,よこ
四日,よっか
四つ,よっつ
呼ぶ,よぶ
読む,よむ
夜,よる
弱い,よわい
来週,らいしゅう
ラジオ,ラジオ
ラジオカセ,ラジオカセ
りっぱ,りっぱ
両親,りょうしん
零,れい
冷蔵庫,れいぞうこ
レストラン,レストラン
廊下,ろうか
六,ろく
ワイシャツ,ワイシャツ
若い,わかい
分かる,わかる
私,わたし
渡す,わたす
渡る,わたる
悪い,わるい