ああ,ああ
あくまで,あくまで
あげる,あげる
あたかも,あたかも
あだ名,あだな
あっさり,あっさり
あの世,あのよ
あべこべ,あべこべ
あやふや,あやふや
あんなに,あんなに
あんまり,あんまり
いい加減,いいかげん
いざこざ,いざこざ
いそいそ,いそいそ
いっそ,いっそ
いやに,いやに
いよいよ,いよいよ
いらっしゃる,いらっしゃる
いろは,いろは
いんちき,いんちき
うがい,うがい
うずうず,うずうず
うっかり,うっかり
うっとり,うっとり
うとうと,うとうと
うねる,うねる
うろうろ,うろうろ
うんざり,うんざり
うんと,うんと
えくぼ,えくぼ
おじさん,おじさん
おっしゃる,おっしゃる
おでこ,おでこ
おどおど,おどおど
おばさん,おばさん
おみ籤,おみくじ
おろおろ,おろおろ
お世辞,おせじ
お中元,おちゅうげん
お互い,おたがい
お仕舞い,おしまい
お代わり,おかわり
お兄さん,おにいさん
お八つ,おやつ
お出で,おいで
お前,おまえ
お化け,おばけ
お医者さん,おいしゃさん
お参り,おまいり
お土産,おみやげ
お坊さん,おぼうさん
お姉さん,おねえさん
お嬢さん,おじょうさん
お宅,おたく
お守り,おまもり
お巡りさん,おまわりさん
お年玉,おとしだま
お手伝い,おてつだい
お手伝いさん,おてつだいさん
お手洗い,おてあらい
お椀,おわん
お歳暮,おせいぼ
お母さん,おかあさん
お気に入り,おきにいり
お父さん,おとうさん
お目に掛かる,おめにかかる
お礼,おれい
お祖母さん,おばあさん
お祖父さん,おじいさん
お祝い,おいわい
お神興,おみこし
お節介,おせっかい
お節料理,おせちりょうり
お絞り,おしぼり
お腹,おなか
お茶,おちゃ
お菓子,おかし
お袋,おふくろ
お詫び,おわび
お辞儀,おじぎ
お釣り,おつり
お陰,おかげ
お願い,おねがい
かさかさ,かさかさ
かじる,かじる
かちかち,かちかち
かっと,かっと
からから,からから
かんかん,かんかん
か弱い,かよわい
がくんと,がくんと
がさがさ,がさがさ
がたがた,がたがた
がっかり,がっかり
がっしり,がっしり
がっちり,がっちり
がぶがぶ,がぶがぶ
がぶりと,がぶりと
がやがや,がやがや
がらがら,がらがら
がらんと,がらんと
がんがん,がんがん
きちんと,きちんと
きっちり,きっちり
きっぱり,きっぱり
きつい,きつい
きまり悪い,きまりわるい
きょろきょろ,きょろきょろ
きらい,きらい
きらきら,きらきら
ぎこちない,ぎこちない
ぎざぎざ,ぎざぎざ
ぎっしり,ぎっしり
ぎゅうぎゅう,ぎゅうぎゅう
ぎょっと,ぎょっと
ぎらぎら,ぎらぎら
ぎりぎり,ぎりぎり
くしゃくしゃ,くしゃくしゃ
くすぐったい,くすぐったい
くたくた,くたくた
くたばる,くたばる
くっ付く,くっつく
くっ付ける,くっつける
くどくど,くどくど
くよくよ,くよくよ
くるくる,くるくる
くるり,くるり
ぐっしょり,ぐっしょり
ぐっすり,ぐっすり
ぐったり,ぐったり
ぐらぐら,ぐらぐら
ぐるぐる,ぐるぐる
ぐるっと,ぐるっと
ぐるり,ぐるり
けじめ,けじめ
けち,けち
げらげら,げらげら
こう,こう
ここ,ここ
こそこそ,こそこそ
こちこち,こちこち
こっそり,こっそり
こつ,こつ
こつこつ,こつこつ
この世,このよ
この度,このたび
この間,このあいだ
この頃,このごろ
これ,これ
これから,これから
これまで,これまで
これら,これら
ころころ,ころころ
こんなに,こんなに
ごしごし,ごしごし
ごろごろ,ごろごろ
ご主人,ごしゅじん
ご免,ごめん
ご存知,ごぞんじ
ご飯,ごはん
ご馳走,ごちそう
さっき,さっき
さっさと,さっさと
さっと,さっと
さっぱり,さっぱり
さらさら,さらさら
ざあざあ,ざあざあ
ざっと,ざっと
ざらざら,ざらざら
ざわざわ,ざわざわ
しくしく,しくしく
しくじる,しくじる
しっかり,しっかり
しつこい,しつこい
しとしと,しとしと
しなやか,しなやか
しみじみ,しみじみ
しゃがむ,しゃがむ
しょっちゅう,しょっちゅう
しょんぼり,しょんぼり
しわ,しわ
じっくり,じっくり
じめじめ,じめじめ
じゃが芋,じゃがいも
じゃぶじゃぶ,じゃぶじゃぶ
じゃんじゃん,じゃんじゃん
じろじろ,じろじろ
じろり,じろり
すいすい,すいすい
すき焼き,すきやき
すっかり,すっかり
すっきり,すっきり
すっと,すっと
すべすべ,すべすべ
すやすや,すやすや
すらすら,すらすら
する,する
ずきずき,ずきずき
ずっと,ずっと
ずばり,ずばり
ずらり,ずらり
ずるずる,ずるずる
ずる賢い,ずるがしこい
ずれ,ずれ
ずれる,ずれる
せかせか,せかせか
せがむ,せがむ
せっかち,せっかち
せっせと,せっせと
せめて,せめて
そう,そう
そこ,そこ
そそっかしい,そそっかしい
そっくり,そっくり
そのまま,そのまま
そのもの,そのもの
その内,そのうち
そもそも,そもそも
そよ風,そよかぜ
それ,それ
それとなく,それとなく
そろそろ,そろそろ
そわそわ,そわそわ
そんなに,そんなに
ぞろぞろ,ぞろぞろ
ぞんざい,ぞんざい
ただ,ただ
ただ今,ただいま
たった,たった
たっぷり,たっぷり
たとえ,たとえ
たらたら,たらたら
だぶだぶ,だぶだぶ
だらし無い,だらしない
ちぐはぐ,ちぐはぐ
ちゃんと,ちゃんと
ちやほや,ちやほや
ちょくちょく,ちょくちょく
ちょっと,ちょっと
ちょっぴり,ちょっぴり
ちらちら,ちらちら
ちらつく,ちらつく
ちらりと,ちらりと
ちり取り,ちりとり
ちり紙,ちりがみ
つい,つい
つまむ,つまむ
つやつや,つやつや
つるつる,つるつる
てきぱき,てきぱき
てくてく,てくてく
てっきり,てっきり
でかい,でかい
でっかい,でっかい
とうとう,とうとう
とかく,とかく
とろとろ,とろとろ
とんとん,とんとん
どう,どう
どうか,どうか
どうせ,どうせ
どうぞ,どうぞ
どうにか,どうにか
どうも,どうも
どうやら,どうやら
どきっと,どきっと
どきどき,どきどき
どく,どく
どこ,どこ
どしどし,どしどし
どたどた,どたどた
どたばた,どたばた
どちら,どちら
どっさり,どっさり
どっしり,どっしり
どっち,どっち
どっと,どっと
どよめく,どよめく
どろどろ,どろどろ
どんどん,どんどん
どんなに,どんなに
なお,なお
なま物,なまもの
なめる,なめる
なら,なら
なる,なる
にこにこ,にこにこ
にこやか,にこやか
にっこり,にっこり
にやにや,にやにや
ぬるぬる,ぬるぬる
ねぎ,ねぎ
ねばねば,ねばねば
のろい,のろい
のろのろ,のろのろ
のんびり,のんびり
はっきり,はっきり
はねる,はねる
はめる,はめる
はらはら,はらはら
ばったり,ばったり
ばてる,ばてる
ばら,ばら
ばらばら,ばらばら
ばれる,ばれる
ぱちぱち,ぱちぱち
ぱっと,ぱっと
ひそひそ,ひそひそ
ひっそり,ひっそり
ひねる,ひねる
ひょっとしたら,ひょっとしたら
ひらひら,ひらひら
びくびく,びくびく
びしょびしょ,びしょびしょ
びしょ濡れ,びしょぬれ
びっしょり,びっしょり
びっしり,びっしり
びりびり,びりびり
ぴかぴか,ぴかぴか
ぴったり,ぴったり
ぴょんと,ぴょんと
ぴょんぴょん,ぴょんぴょん
ぴりぴり,ぴりぴり
ぴんぴん,ぴんぴん
ふと,ふと
ふらふら,ふらふら
ふわふわ,ふわふわ
ぶかぶか,ぶかぶか
ぶっきら棒,ぶっきらぼう
ぶつぶつ,ぶつぶつ
ぶらぶら,ぶらぶら
ぶら下がる,ぶらさがる
ぶら下げる,ぶらさげる
ぶるぶる,ぶるぶる
ぷんぷん,ぷんぷん
へとへと,へとへと
べたべた,べたべた
ぺこぺこ,ぺこぺこ
ぺらぺら,ぺらぺら
ほうれん草,ほうれんそう
ほっと,ほっと
ほぼ,ほぼ
ぼつぼつ,ぼつぼつ
ぼやける,ぼやける
ぼやぼや,ぼやぼや
ぼろぼろ,ぼろぼろ
ぼんやり,ぼんやり
ぽかぽか,ぽかぽか
ぽかんと,ぽかんと
ぽたぽた,ぽたぽた
ぽっかり,ぽっかり
ぽつりぽつり,ぽつりぽつり
まあ,まあ
まあまあ,まあまあ
まごまご,まごまご
まし,まし
まな板,まないた
まま,まま
みっちり,みっちり
むかむか,むかむか
むっつり,むっつり
むっと,むっと
めきめき,めきめき
めっきり,めっきり
もう,もう
もう直,もうじき
もっと,もっと
もとより,もとより
やっと,やっと
やや,やや
ややこしい,ややこしい
やり切れない,やりきれない
やり取り,やりとり
やり方,やりかた
やり直し,やりなおし
やり直す,やりなおす
やり繰り,やりくり
やり遂げる,やりとげる
やり過ごす,やりすごす
やる,やる
ゆっくり,ゆっくり
ゆったり,ゆったり
ゆでる,ゆでる
ゆとり,ゆとり
よう,よう
ようこそ,ようこそ
よく,よく
よそ行き,よそゆき
よちよち,よちよち
より,より
よる,よる
よろしく,よろしく
よろよろ,よろよろ
ろくに,ろくに
わいわい,わいわい
わく,わく
わくわく,わくわく
アイス,あいす
アイスコーヒー,あいすこーひー
アイデア,あいであ
アイドル,あいどる
アイロン,あいろん
アウト,あうと
アクセサリー,あくせさりー
アクセント,あくせんと
アスファルト,あすへぁると
アップ,あっぷ
アドバイス,あどばいす
アナウンサー,あなうんさー
アパート,あぱーと
アピール,あぴーる
アベック,あべっく
アマチュア,あまちゅあ
アリバイ,ありい
アルカリ,あるかり
アルコール,あるこーる
アルバイト,あるばいと
アルバム,あるばむ
アルファベット,あるふぁべっと
アルミニウム,あるみにうむ
アレルギー,あれるぎー
アンケート,あんけーと
アンダーライン,あんだーらいん
アンテナ,あんてな
イスラム教,いすらむきょう
イデオロギー,いでおろぎー
イメージ,いめーじ
イヤリング,いやりんぐ
インク,いんく
インタビュー,いんたびゅー
インターネット,いんたーねっと
インテリ,いんてり
インテリア,いんてりあ
イントネーション,いんとねーしょん
インフルエンザ,いんへるえんざ
インフレーション,いんふれーしょん
ウィスキー,うぃすきー
ウィークエンド,うぃーくえんど
ウィークデー,うぃーくでー
ウイルス,ういるす
ウェーター,うぇーたー
ウェートレス,うぇーとれす
ウエスト,うえすと
ウール,うーる
エアコン,えあこん
エアメール,えあめーる
エイズ,えいず
エスカレーター,えすかれーたー
エチケット,えちけっと
エッセイ,えっせい
エネルギー,えねるぎー
エレベーター,えれべーたー
エンジン,えんじん
オリンピック,おりんぴっく
オルガン,おるがん
オレンジ,おれんじ
オーケストラ,おーけすとら
オートバイ,おーとばい
オートメーション,おーとめーしょん
オーバー,おーばー
オープン,おーぷん
カセットテープ,かせっとてーぷ
カタログ,かたろぐ
カット,かっと
カップ,かっぷ
カップル,かっぷる
カトリック,かとりっく
カバー,かばー
カメラ,かめら
カメラマン,かめらまん
カラオケ,からおけ
カラー,からー
カルチャー,かるちゃー
カレンダー,かれんだー
カレーライス,かれーらいす
カロリー,かろりー
カンニング,かんにんぐ
カーテン,かーてん
カード,かーど
カーネーション,かーのーしょん
カーブ,かーぶ
カーペット,かーぺっと
ガイド,がいど
ガス,がす
ガソリン,がそりん
ガソリンスタンド,がそりんすたんど
ガラス,がらす
ガラス戸,がらすど
ガレージ,がれーじ
ガード,がーど
ガールフレンド,がーるふれんど
キス,きす
キッチン,きっちん
キャッシュカード,きゃっしゅかーど
キャベツ,きゃべつ
キャンセル,きゃんせる
キャンパス,きゃんぱす
キャンプ,きゃんぷ
キリスト,きりすと
キリスト教,きりすときょう
キー,きー
ギター,ぎたー
クイズ,くいず
クッキー,くっきー
クラシック,くらしっく
クラス,くらす
クラブ,くらぶ
クリスマス,くりすます
クリーニング,くりーにんぐ
クリーム,くりーむ
クーラー,くーらー
グラウンド,ぐらうんど
グラス,ぐらす
グラフ,ぐらふ
グラム,ぐらむ
グリーン,ぐりーん
グループ,ぐるーぷ
ケーキ,けーき
ケース,けーす
ゲーム,げーむ
コイン,こいん
コック,こっく
コットン,こっとん
コップ,こっぷ
コピー,こぴー
コマーシャル,こまーしゃる
コミュニケーション,こみゅぬけーしょん
コメント,こめんと
コンクリート,こんくりーと
コンクール,こんくーる
コンサート,こんさーと
コンセント,こんせんと
コンテスト,こんてすと
コンピューター,こんぴゅーたー
コンプレックス,こんぷれっくす
コース,こーす
コーチ,こーち
コート,こーと
コード,こーど
コーナー,こーなー
コーヒー,こーひー
コーラ,こーら
ゴム,ごむ
ゴルフ,ごるふ
ゴール,ごーる
ゴールデンウィーク,ごーるでんうぃーく
サイト,さいと
サイレン,さいれん
サイン,さいん
サッカー,さっかー
サボる,さぼる
サラダ,さらだ
サラリーマン,さらりーまん
サングラス,さんぐらす
サンドイッチ,さんどいっち
サークル,さーくる
サービス,さーびす
システム,しすてむ
シナリオ,しなりお
シャッター,しゃったー
シャツ,しゃつ
シャワー,しゃわー
シャンソン,しゃんそん
シャープペンシル,しゃーぷぺんしる
シューズ,しゅーず
ショック,しょっく
ショッピング,しょっぴんぐ
シリーズ,しりーず
シングル,しんぐる
シンボル,しんぼる
シンポジウム,しんぽじうむ
シーズン,しーずん
シーツ,しーつ
シート,しーと
ジェット機,じぇっとき
ジャズ,じゃず
ジャパン,じゃぱん
ジャム,じゃむ
ジャンプ,じゃんぷ
ジャーナリスト,じゃーなりすと
ジャーナリズム,じゃーなりずむ
ジュース,じゅーす
ジョギング,じょぎんぐ
ジーパン,じーぱん
スイッチ,すいっち
スカート,すかーと
スキー,すきー
スクール,すくーる
スケジュール,すけじゅーる
スケート,すけーと
スタイル,すたいる
スタジオ,すたじお
スタッフ,すたっへ
スタンド,すたんど
スター,すたー
スタート,すたーと
スチュワーデス,すちゅわーです
ステレオ,すてれお
ステージ,すてーじ
ストップ,すとっぷ
ストライキ,すとらいき
ストレス,すとれす
ストーブ,すとーぶ
スパイ,すぱい
スピーカー,すぴーかー
スピーチ,すぴーち
スピード,すぴーど
スプレー,すぷれー
スプーン,すぷーん
スペシャル,すぺしゃる
スポーツ,すぽーつ
スマート,すまーと
スムーズ,すむーず
スモッグ,すもっぐ
スライド,すらいど
スリッパ,すりっぱ
スリップ,すりっぷ
スリル,すりる
スーツ,すーつ
スーパーマーケット,すーぱーまーけっと
スープ,すーぷ
ズボン,ずぼん
セックス,せっくす
セット,せっと
セメント,せめんと
セルフサービス,せるふさーびす
セロテープ,せろてーぷ
センス,せんす
センター,せんたー
セーター,せーたー
セールスマン,せーるすまん
ゼロ,ぜろ
ソファー,そふぁー
ソフト,そふと
ソース,そーす
タイプ,たいぷ
タイプライター,たいぷらいたー
タイミング,たいみんぐ
タイム,たいむ
タイヤ,たいや
タウン,たうん
タオル,たおる
タクシー,たくしー
タッチ,たっち
タレント,たれんと
タンカー,たんかー
ターミナル,たーみなる
ダイナマイト,だいなまいと
ダイヤ,だいや
ダイヤモンド,だいやもんど
ダイヤル,だいやる
ダウン,だうん
ダブる,だぶる
ダブル,だぶる
ダム,だむ
ダンス,だんす
チェンジ,ちぇんじ
チェーン,ちぇーん
チキン,ちきん
チケット,ちけっと
チャック,ちゃっく
チャンス,ちゃんす
チャンネル,ちゃんねる
チャンピオン,ちゃんぴおん
チューリップ,ちゅーりっぷ
チョコレート,ちょこれーと
チョーク,ちょーく
チーズ,ちーず
チーム,ちーむ
ティッシュ,てぃっしゅ
テキスト,てきすと
テクニック,てくぬっく
テクノロジー,てくはろじー
テスト,てすと
テニス,てにす
テレビ,てれび
テント,てんと
テンポ,てんぽ
テーブル,てーぶる
テープ,てーぷ
テープレコーダー,てーぷれこーだー
テーマ,てーま
ディスコ,でぃすこ
デザイン,でざいん
デザート,でざーと
デパート,でぱーと
デマ,でま
デモ,でも
データ,でーた
デート,でーと
トイレ,といれ
トイレットペーパー,といれっとぺーぱー
トップ,とっぷ
トマト,とまと
トラック,とらっく
トラブル,とらぶる
トランプ,とらんぷ
トレーニング,とれーにんぐ
トンネル,とんねる
トースト,とーすと
ドア,どあ
ドキュメント,どきゅめんと
ドクター,どくたー
ドライ,どらい
ドライブ,どらいぶ
ドラマ,どらま
ドリル,どりる
ドル,どる
ドレス,どれす
ドーナツ,どーなつ
ナイフ,ないふ
ナイロン,ないろん
ナンバー,なんばー
ニュアンス,ぬゅあんす
ニュース,にゅーす
ネオン,のおん
ネクタイ,ねくたい
ネックレス,ねっくれす
ネットワーク,ねっとわーく
ネーム,のーむ
ノイローゼ,はいろーぜ
ノック,のっく
ノンフィクション,はんへぃくしょん
ノート,のーと
ノーベル賞,のーべるしょう
ハイウエー,ひいうえー
ハイキング,はいきんぐ
ハウス,ひうす
ハム,はむ
ハンカチ,はんかち
ハンドバッグ,はんどばっぐ
ハンドル,はんどる
ハンバーガー,はんばーがー
ハード,はーど
ハードウェア,はーどうぇあ
バイオリン,ばいおりん
バイク,ばいく
バイト,ばいと
バイブル,いぶる
バケツ,ばけつ
バザー,ざー
バス,ばす
バスケットボール,ばすけっとぼーる
バス停,ばすてい
バター,ばたー
バック,ばっく
バッグ,ばっぐ
バッジ,ばっじ
バット,ばっと
バツ,ばつ
バナナ,ばなな
バランス,ばらんす
バレエ,れえ
バレーボール,ばれーぼーる
バーゲン,ばーげん
パイナップル,ぱいなっぷる
パイプ,ぱいぷ
パイロット,ぱいろっと
パジャマ,ぱじゃま
パスポート,ぱすぽーと
パソコン,ぱそこん
パターン,ぱたーん
パチンコ,ぱちんこ
パトカー,ぱとかー
パパ,ぱぱ
パン,ぱん
パンク,ぱんく
パンダ,ぱんだ
パンツ,ぱんつ
パンティー,ぱんてぃー
パンフレット,ぱんへれっと
パーセント,ぱーせんと
パーティー,ぱーてぃー
パート,ぱーと
ヒット,ふっと
ヒント,ひんと
ビザ,びざ
ビジネス,びじねす
ビジネスマン,びじのすまん
ビスケット,びすけっと
ビタミン,びたみん
ビデオ,びでお
ビデオテープ,びでおてーぷ
ビニール,びにーる
ビラ,びら
ビル,びる
ビーチ,びーち
ビール,びーる
ピアノ,ぴあの
ピクニック,ぴくにっく
ピストル,ぴすとる
ピリオド,ぴりおど
ピン,ぴん
ピンク,ぴんく
ピント,ぴんと
ピンポン,ぴんぽん
ピーク,ぴーく
ファスナー,へぁすなー
ファックス,ふぁっくす
ファッション,ふぁっしょん
ファン,ふぁん
ファースト,へぁーすと
フィクション,へぃくしょん
フィルム,ふぃるむ
フォーク,ふぉーく
フライパン,ふらいぱん
フルーツ,ふるーつ
フロント,へろんと
ブラウス,ぶらうす
ブラシ,ぶらし
ブランコ,ぶらんこ
ブレーキ,ぶれーき
ブーム,ぶーむ
プライド,ぷらいど
プラス,ぷらす
プラスチック,ぷらすちっく
プラットホーム,ぷらっとほーむ
プラン,ぷらん
プリント,ぷりんと
プレゼント,ぷれぜんと
プロ,ぷろ
プログラム,ぷろぐらむ
プロテスタント,ぷろてすたんと
プロポーズ,ぷろぽーず
プロ野球,ぷろやきゅう
プール,ぷーる
ヘリコプター,へりこぷたー
ベスト,べすと
ベッド,べっど
ベテラン,べてらん
ベランダ,べらんだ
ベル,べる
ベルト,べると
ベンチ,べんち
ペン,ぺん
ペンキ,ぺんき
ペンチ,ぺんち
ページ,ぺーじ
ペース,ぺーす
ホット,ほっと
ホテル,ほてる
ホーム,ほーむ
ホール,ばーる
ボタン,ぼたん
ボリューム,ぼりゅーむ
ボーイ,ぼーい
ボーイフレンド,ぼーいふれんど
ボート,ぼーと
ボーナス,ぼーなす
ボール,ぼーる
ボールペン,ぼーるぺん
ポイント,ぽいんと
ポケット,ぽけっと
ポスター,ぽすたー
ポスト,ぽすと
ポット,ぽっと
マイク,まいく
マイナス,まいなす
マクロ,まくろ
マスク,ますく
マスコミ,ますこみ
マッチ,まっち
マナー,まなー
マネー,まねー
マネージャー,まのーじゃー
マフラー,まふらー
ママ,まま
マヨネーズ,まよねーず
マラソン,まらそん
マンション,まんしょん
マンホール,まんばーる
マーク,まーく
マーケット,まーけっと
ミクロ,みくろ
ミサイル,みさいる
ミシン,みしん
ミス,みす
ミスプリント,みすぷりんと
ミセス,みせす
ミックス,みっくす
ミニ,みぬ
ミュージック,みゅーじっく
ミルク,みるく
ミーティング,みーてぃんぐ
ムード,むーど
メカニズム,めかぬずむ
メッセージ,めっせーじ
メディア,めでぃあ
メニュー,めにゅー
メモ,めも
メロディー,めろでぃー
メンバー,めんばー
メーカー,めーかー
メーター,めーたー
メール,めーる
モダン,もだん
モデル,もでる
モーター,もーたー
ユーモア,ゆーもあ
ヨット,よっと
ライター,らいたー
ラグビー,らぐびー
ラケット,らけっと
ラジオ,らじお
ラッシュ,らっしゅ
ラッシュアワー,らっしゅあわー
ランチ,らんち
ランニング,らんぬんぐ
ラーメン,らーめん
リクエスト,りくえすと
リスト,りすと
リズム,りずむ
リットル,りっとる
リボン,りぼん
リモコン,りもこん
リード,りーど
ルーム,るーむ
ルール,るーる
レインコート,れいんこーと
レギュラー,れぎゅらー
レクリエーション,れくりえーしょん
レコード,れこーど
レシート,れしーと
レジャー,れじゃー
レストラン,れすとらん
レベル,れべる
レポート,れぽーと
レモン,れもん
レンズ,れんず
レンタル,れんたる
レントゲン,れんとげん
ロケット,ろけっと
ロッカー,ろっかー
ロック,ろっく
ロビー,ろびー
ロボット,ろぼっと
ロマンチック,ろまんちっく
ロープ,ろーぷ
ローマ字,ろーまじ
ローン,ろーん
ワイシャツ,わいしゃつ
ワイン,わいん
ワンピース,わんぴーす
ワープロ,わーぷろ
一,いち
一々,いちいち
一つ,ひとつ
一まず,ひとまず
一人,ひとり
一人で,ひとりで
一人一人,ひとりひとり
一人前,いちにんまえ
一休み,ひとやすみ
一体,いったい
一円,いちえん
一切,いっさい
一口,ひとくち
一同,いちどう
一向に,いっこうに
一周,いっしゅう
一員,いちいん
一定,いってい
一家,いっか
一層,いっそう
一帯,いったい
一度に,いちどに
一心に,いっしんに
一応,いちおう
一挙に,いっきょに
一握り,ひとにぎり
一斉に,いっせいに
一方,いっぽう
一日,ついたち
一旦,いったん
一昔,ひとむかし
一昨年,いっさくねん
一昨年,おととし
一昨日,いっさくじつ
一昨日,おととい
一時,いちじ
一時,ひととき
一杯,いっぱい
一概に,いちがいに
一様,いちよう
一段と,いちだんと
一段落,いちだんらく
一気に,いっきに
一流,いちりゅう
一生,いっしょう
一生懸命,いっしょうけんめい
一番,いちばん
一目,ひとめ
一瞬,いっしゅん
一種,いっしゅ
一等,いっとう
一緒,いっしょ
一緒に,いっしょに
一致,いっち
一般,いっぱん
一般に,いっぱんに
一行,いっこう
一見,いっけん
一言,ひとこと
一足,ひとあし
一通り,ひととおり
一遍に,いっぺんに
一部,いちぶ
一部分,いちぶぶん
一重,ひとえ
一面,いちめん
一風,いっぷう
丁寧,ていねい
丁度,ちょうど
七,しち
七,なな
七つ,ななつ
七夕,たなばた
七日,なのか
万,まん
万一,まんいち
万事,ばんじ
万人,ばんにん
万年筆,まんねんひつ
万引き,まんびき
万歳,ばんざい
万能,ばんのう
丈夫,じょうぶ
三,さん
三つ,みっつ
三日,みっか
三日月,みかづき
三流,さんりゅう
三角,さんかく
三角形,さんかっけい
上,うえ
上,かみ
上,じょう
上がり,あがり
上がる,あがる
上げる,あげる
上り,のぼり
上る,のぼる
上下,うえした
上下,じょうげ
上京,じょうきょう
上半身,じょうはんしん
上司,じょうし
上品,じょうひん
上手,じょうず
上手い,うまい
上旬,じょうじゅん
上昇,じょうしょう
上映,じょうえい
上流,じょうりゅう
上演,じょうえん
上着,うわぎ
上空,じょうくう
上等,じょうとう
上級,じょうきゅう
上達,じょうたつ
上陸,じょうりく
下,げ
下,した
下,しも
下,もと
下がり,さがり
下がる,さがる
下げる,さげる
下さる,くださる
下す,くだす
下らない,くだらない
下り,くだり
下りる,おりる
下る,くだる
下ろす,おろす
下半身,かはんしん
下品,げひん
下宿,げしゅく
下手,したて
下手,へた
下敷き,したじき
下旬,げじゅん
下書き,したがき
下水,げすい
下流,かりゅう
下町,したまち
下痢,げり
下着,したぎ
下等,かとう
下見,したみ
下調べ,したしらべ
下車,げしゃ
下降,かこう
下駄,げた
不作,ふさく
不便,ふべん
不信,ふしん
不備,ふび
不公平,ふこうへい
不利,ふり
不利益,ふりえき
不動産,ふどうさん
不動産屋,ふどうさんや
不十分,ふじゅうぶん
不可,ふか
不可欠,ふかけつ
不可能,ふかのう
不可解,ふかかい
不可避,ふかひ
不合格,ふごうかく
不合理,ふごうり
不吉,ふきつ
不味い,まずい
不器用,ぶきよう
不在,ふざい
不変,ふへん
不始末,ふしまつ
不孝,ふこう
不安,ふあん
不安定,ふあんてい
不完全,ふかんぜん
不審,ふしん
不平,ふへい
不平等,ふびょうどう
不幸,ふこう
不幸せ,ふしあわせ
不当,ふとう
不得意,ふとくい
不必要,ふひつよう
不快,ふかい
不思議,ふしぎ
不愉快,ふゆかい
不意,ふい
不意に,ふいに
不慣れ,ふなれ
不慮,ふりょ
不振,ふしん
不断,ふだん
不明,ふめい
不時着,ふじちゃく
不景気,ふけいき
不服,ふふく
不本意,ふほんい
不条理,ふじょうり
不機嫌,ふきげん
不正,ふせい
不毛,ふもう
不気味,ぶきみ
不況,ふきょう
不法,ふほう
不注意,ふちゅうい
不満,ふまん
不潔,ふけつ
不燃物,ふねんぶつ
不相応,ふそうおう
不眠,ふみん
不確か,ふたしか
不純,ふじゅん
不能,ふのう
不自然,ふしぜん
不自由,ふじゆう
不良,ふりょう
不要,ふよう
不規則,ふきそく
不親切,ふしんせつ
不足,ふそく
不透明,ふとうめい
不通,ふつう
不運,ふうん
不都合,ふつごう
不順,ふじゅん
与える,あたえる
与党,よとう
且つ,かつ
世,よ
世の中,よのなか
世代,せだい
世帯,せたい
世界,せかい
世相,せそう
世紀,せいき
世話,せわ
世論,せろん
世論,よろん
世間,せけん
丘,おか
両側,りょうがわ
両手,りょうて
両方,りょうほう
両替,りょうがえ
両立,りょうりつ
両端,りょうはし
両者,りょうしゃ
両親,りょうしん
両面,りょうめん
並び,ならび
並ぶ,ならぶ
並べる,ならべる
並み,なみ
並列,へいれつ
並木,なみき
並行,へいこう
中,ちゅう
中,なか
中々,なかなか
中世,ちゅうせい
中傷,ちゅうしょう
中古,ちゅうこ
中和,ちゅうわ
中堅,ちゅうけん
中央,ちゅうおう
中学,ちゅうがく
中学校,ちゅうがっこう
中学生,ちゅうがくせい
中年,ちゅうねん
中庭,なかにわ
中心,ちゅうしん
中性,ちゅうせい
中指,なかゆび
中断,ちゅうだん
中旬,ちゅうじゅん
中核,ちゅうかく
中止,ちゅうし
中毒,ちゅうどく
中流,ちゅうりゅう
中立,ちゅうりつ
中級,ちゅうきゅう
中絶,ちゅうぜつ
中継,ちゅうけい
中継ぎ,なかつぎ
中身,なかみ
中退,ちゅうたい
中途,ちゅうと
中道,ちゅうどう
中間,ちゅうかん
丸,まる
丸々,まるまる
丸い,まるい
丸っきり,まるっきり
丸で,まるで
丸み,まるみ
丸める,まるめる
丸め込む,まるめこむ
主,あるじ
主,おも
主,ぬし
主として,しゅとして
主に,おもに
主人,しゅじん
主任,しゅにん
主体,しゅたい
主催,しゅさい
主婦,しゅふ
主張,しゅちょう
主役,しゅやく
主権,しゅけん
主演,しゅえん
主義,しゅぎ
主要,しゅよう
主観,しゅかん
主観的,しゅかんてき
主題,しゅだい
主食,しゅしょく
丼,どんぶり
久しい,ひさしい
久しぶり,ひさしぶり
乏しい,とぼしい
乗じる,じょうじる
乗ずる,じょうずる
乗っ取る,のっとる
乗り出す,のりだす
乗り回す,のりまわす
乗り換え,のりかえ
乗り換える,のりかえる
乗り気,のりき
乗り物,のりもの
乗り越える,のりこえる
乗り越す,のりこす
乗り込む,のりこむ
乗り遅れる,のりおくれる
乗り降り,のりおり
乗る,のる
乗客,じょうきゃく
乗用車,じょうようしゃ
乗組員,のりくみいん
乗車,じょうしゃ
乗車券,じょうしゃけん
九,きゅう
九,く
九つ,ここのつ
九日,ここのか
乞食,こじき
乱す,みだす
乱れる,みだれる
乱暴,らんぼう
乱用,らんよう
乱雑,らんざつ
乳,ちち
乳児,にゅうじ
乾かす,かわかす
乾く,かわく
乾季,かんき
乾杯,かんぱい
乾燥,かんそう
乾電池,かんでんち
亀,かめ
了承,りょうしょう
了解,りょうかい
予て,かねて
予め,あらかじめ
予備,よび
予備校,よびこう
予告,よこく
予報,よほう
予定,よてい
予想,よそう
予感,よかん
予断,よだん
予期,よき
予知,よち
予算,よさん
予約,よやく
予習,よしゅう
予言,よげん
予選,よせん
予防,よぼう
争い,あらそい
争う,あらそう
争議,そうぎ
事,こと
事件,じけん
事務,じむ
事務員,じむいん
事務室,じむしつ
事務所,じむしょ
事実,じじつ
事情,じじょう
事態,じたい
事故,じこ
事柄,ことがら
事業,じぎょう
二,に
二つ,ふたつ
二人,ふたり
二十日,はつか
二十歳,はたち
二度と,にどと
二日,ふつか
二流,にりゅう
二重,にじゅう
二重,ふたえ
二階,にかい
互い,たがい
互いに,たがいに
互い違い,たがいちがい
五,ご
五つ,いつつ
五分,ごぶ
五十音,ごじゅうおん
五日,いつか
井戸,いど
些とも,ちっとも
亡くす,なくす
亡くなる,なくなる
亡命,ぼうめい
亡骸,なきがら
交ざる,まざる
交じる,まじる
交ぜる,まぜる
交わす,かわす
交わる,まじわる
交互,こうご
交付,こうふ
交差,こうさ
交差点,こうさてん
交換,こうかん
交替,こうたい
交流,こうりゅう
交渉,こうしょう
交番,こうばん
交通,こうつう
交通事故,こうつうじこ
交通費,こうつうひ
交際,こうさい
交響曲,こうきょうきょく
亭主,ていしゅ
人,ひと
人々,ひとびと
人だかり,ひとだかり
人並み,ひとなみ
人事,じんじ
人体,じんたい
人出,ひとで
人前,ひとまえ
人参,にんじん
人口,じんこう
人名,じんめい
人工,じんこう
人差し指,ひとさしゆび
人形,にんぎょう
人影,ひとかげ
人情,にんじょう
人手,ひとで
人数,にんずう
人文科学,じんぶんかがく
人材,じんざい
人柄,ひとがら
人格,じんかく
人権,じんけん
人殺し,ひとごろし
人民,じんみん
人気,にんき
人混み,ひとごみ
人物,じんぶつ
人生,じんせい
人目,ひとめ
人相,にんそう
人種,じんしゅ
人見知り,ひとみしり
人質,ひとじち
人通り,ひとどおり
人造,じんぞう
人道,じんどう
人道的,じんどうてき
人違い,ひとちがい
人間,にんげん
人間性,にんげんせい
人類,じんるい
仄か,ほのか
仄めかす,ほのめかす
今,いま
今に,いまに
今にも,いまにも
今回,こんかい
今夜,こんや
今年,ことし
今度,こんど
今後,こんご
今日,きょう
今日,こんにち
今晩,こんばん
今更,いまさら
今月,こんげつ
今朝,けさ
今迄,いままで
今週,こんしゅう
今頃,いまごろ
仏,ほとけ
仏像,ぶつぞう
仏教,ぶっきょう
仕上げ,しあげ
仕上げる,しあげる
仕事,しごと
仕入れ,しいれ
仕入れる,しいれる
仕方,しかた
仕立てる,したてる
仕組み,しくみ
仕舞う,しまう
仕送り,しおくり
他,た
他,ほか
他人,たにん
他所,よそ
他方,たほう
他殺,たさつ
他者,たしゃ
他面,ためん
付き合い,つきあい
付き合う,つきあう
付く,つく
付け,つけ
付ける,つける
付け加える,つけくわえる
付け足す,つけたす
付け込む,つけこむ
付加,ふか
付属,ふぞく
付着,ふちゃく
付近,ふきん
付録,ふろく
代える,かえる
代わり,かわり
代わる,かわる
代わる代わる,かわるがわる
代代,だいだい
代償,だいしょう
代名詞,だいめいし
代弁,だいべん
代理,だいり
代用,だいよう
代行,だいこう
代表,だいひょう
代議士,だいぎし
代金,だいきん
以上,いじょう
以下,いか
以前,いぜん
以外,いがい
以後,いご
以来,いらい
以降,いこう
仮,かり
仮に,かりに
仮名,かな
仮名遣い,かなづかい
仮定,かてい
仮説,かせつ
仮面,かめん
仰ぐ,あおぐ
仰向け,あおむけ
仲,なか
仲人,なこうど
仲介,ちゅうかい
仲直り,なかなおり
仲良く,なかよく
仲良し,なかよし
仲裁,ちゅうさい
仲買,なかがい
仲間,なかま
任せる,まかせる
任務,にんむ
任命,にんめい
任意,にんい
任期,にんき
企てる,くわだてる
企み,たくらみ
企む,たくらむ
企業,きぎょう
企画,きかく
伏せる,ふせる
休み,やすみ
休む,やすむ
休める,やすめる
休学,きゅうがく
休息,きゅうそく
休憩,きゅうけい
休日,きゅうじつ
休暇,きゅうか
休校,きゅうこう
休業,きゅうぎょう
休講,きゅうこう
休養,きゅうよう
会,かい
会う,あう
会合,かいごう
会員,かいいん
会場,かいじょう
会心,かいしん
会社,かいしゃ
会見,かいけん
会計,かいけい
会話,かいわ
会談,かいだん
会議,かいぎ
会費,かいひ
会釈,えしゃく
会長,かいちょう
会食,かいしょく
伝う,つたう
伝える,つたえる
伝わる,つたわる
伝染,でんせん
伝統,でんとう
伝言,でんごん
伝説,でんせつ
伝達,でんたつ
伴う,ともなう
伸ばす,のばす
伸び,のび
伸びやか,のびやか
伸びる,のびる
伸び伸び,のびのび
伺う,うかがう
似せる,にせる
似る,にる
似合い,にあい
似合う,にあう
似通う,にかよう
似顔絵,にがおえ
佇む,たたずむ
位,くらい
位置,いち
低,てい
低い,ひくい
低下,ていか
低気圧,ていきあつ
低温,ていおん
低音,ていおん
住まい,すまい
住む,すむ
住宅,じゅうたく
住宅地,じゅうたくち
住居,じゅうきょ
住所,じゅうしょ
住民,じゅうみん
体,からだ
体付き,からだつき
体制,たいせい
体力,たいりょく
体型,たいけい
体得,たいとく
体操,たいそう
体格,たいかく
体温,たいおん
体温計,たいおんけい
体積,たいせき
体系,たいけい
体育,たいいく
体裁,ていさい
体調,たいちょう
体質,たいしつ
体重,たいじゅう
体長,たいちょう
体験,たいけん
何,なに
何,なん
何か,なにか
何かと,なにかと
何しろ,なにしろ
何だか,なんだか
何て,なんて
何で,なんで
何でも,なんでも
何と,なんと
何とか,なんとか
何とも,なんとも
何と無く,なんとなく
何より,なにより
何ら,なんら
何れ,いずれ
何れ,どれ
何事,なにごと
何分,なにぶん
何十,なんじゅう
何千,なんぜん
何卒,なにとぞ
何度,なんど
何故,なぜ
何故,なにゆえ
何故か,なぜか
何方,どなた
何時,いつ
何時か,いつか
何時でも,いつでも
何時の間に,いつのまに
何時の間に,いつのまにか
何時も,いつも
何時迄も,いつまでも
何気無く,なにげなく
何百,なんびゃく
何遍,なんべん
余す,あます
余り,あまり
余る,あまる
余分,よぶん
余地,よち
余所見,よそみ
余暇,よか
余程,よほど
余裕,よゆう
余計,よけい
余談,よだん
作,さく
作り上げる,つくりあげる
作り笑い,つくりわらい
作り話,つくりばなし
作る,つくる
作動,さどう
作品,さくひん
作家,さっか
作成,さくせい
作戦,さくせん
作文,さくぶん
作曲,さっきょく
作業,さぎょう
作物,さくもつ
作用,さよう
作者,さくしゃ
作製,さくせい
使い,つかい
使い捨て,つかいすて
使い道,つかいみち
使う,つかう
使命,しめい
使用,しよう
使用人,しようにん
使節,しせつ
例,れい
例え,たとえ
例えば,たとえば
例える,たとえる
例外,れいがい
例年,れいねん
例文,れいぶん
例題,れいだい
侍,さむらい
供,とも
供える,そなえる
供給,きょうきゅう
依然,いぜん
依頼,いらい
価値,かち
価格,かかく
侮る,あなどる
侮蔑,ぶべつ
侮辱,ぶじょく
侵す,おかす
侵入,しんにゅう
侵略,しんりゃく
便り,たより
便乗,びんじょう
便利,べんり
便宜,べんぎ
便所,べんじょ
便箋,びんせん
係,かかり
促す,うながす
促成,そくせい
促進,そくしん
俄,にわか
俄に,にわかに
俄雨,にわかあめ
俗語,ぞくご
保つ,たもつ
保健,ほけん
保存,ほぞん
保守,ほしゅ
保安,ほあん
保温,ほおん
保留,ほりゅう
保管,ほかん
保育園,ほいくえん
保証,ほしょう
保証人,ほしょうにん
保護,ほご
保護者,ほごしゃ
保険,ほけん
保障,ほしょう
信じる,しんじる
信ずる,しんずる
信仰,しんこう
信号,しんごう
信念,しんねん
信用,しんよう
信者,しんじゃ
信頼,しんらい
修める,おさめる
修了,しゅうりょう
修士,しゅうし
修学旅行,しゅうがくりょこう
修業,しゅうぎょう
修正,しゅうせい
修理,しゅうり
修繕,しゅうぜん
修行,しゅぎょう
俯く,うつむく
俯せ,うつぶせ
俳優,はいゆう
俳句,はいく
俺,おれ
倉庫,そうこ
個,こ
個々,ここ
個人,こじん
個性,こせい
倍,ばい
倍増,ばいぞう
倍率,ばいりつ
倒す,たおす
倒れる,たおれる
倒産,とうさん
倒置,とうち
候補,こうほ
借り,かり
借りる,かりる
借金,しゃっきん
倣う,ならう
値,あたい
値,ね
値する,あたいする
値上がり,ねあがり
値上げ,ねあげ
値下がり,ねさがり
値下げ,ねさげ
値切る,ねぎる
値引き,ねびき
値打ち,ねうち
値段,ねだん
倫理,りんり
倹約,けんやく
偉い,えらい
偉人,いじん
偉大,いだい
偏る,かたよる
偏差値,へんさち
偏見,へんけん
停学,ていがく
停止,ていし
停滞,ていたい
停留所,ていりゅうじょ
停車,ていしゃ
停電,ていでん
健やか,すこやか
健全,けんぜん
健康,けんこう
健気,けなげ
側,そば
側面,そくめん
偵察,ていさつ
偶々,たまたま
偶に,たまに
偶像,ぐうぞう
偶数,ぐうすう
偶然,ぐうぜん
偽,にせ
偽物,にせもの
偽造,ぎぞう
傍聴,ぼうちょう
傍観,ぼうかん
傑作,けっさく
傘,かさ
備える,そなえる
備え付ける,そなえつける
備わる,そなわる
備考,びこう
催し,もよおし
催す,もよおす
催促,さいそく
傷,きず
傷む,いたむ
傷める,いためる
傷付く,きずつく
傷付ける,きずつける
傷害,しょうがい
傾く,かたむく
傾ける,かたむける
傾げる,かしげる
傾向,けいこう
傾斜,けいしゃ
僅か,わずか
働き,はたらき
働く,はたらく
僕,ぼく
僧侶,そうりょ
僻む,ひがむ
儀式,ぎしき
儀礼,ぎれい
億,おく
儚い,はかない
償う,つぐなう
優しい,やさしい
優れる,すぐれる
優先,ゆうせん
優勝,ゆうしょう
優勢,ゆうせい
優秀,ゆうしゅう
優等生,ゆうとうせい
優越感,ゆうえつかん
儲かる,もうかる
儲け,もうけ
儲ける,もうける
元,もと
元々,もともと
元号,げんごう
元日,がんじつ
元旦,がんたん
元来,がんらい
元気,げんき
元素,げんそ
元首,げんしゅ
兄,あに
兄さん,にいさん
兄弟,きょうだい
充実,じゅうじつ
兆,ちょう
兆し,きざし
先,さき
先ず,まず
先だって,せんだって
先に,さきに
先例,せんれい
先入観,せんにゅうかん
先天的,せんてんてき
先日,せんじつ
先月,せんげつ
先決,せんけつ
先生,せんせい
先着,せんちゃく
先祖,せんぞ
先程,さきほど
先端,せんたん
先輩,せんぱい
先週,せんしゅう
先進国,せんしんこく
先頃,さきごろ
先頭,せんとう
光,ひかり
光る,ひかる
光景,こうけい
光熱費,こうねつひ
光線,こうせん
克明,こくめい
克服,こくふく
免税,めんぜい
免許,めんきょ
免許証,めんきょしょう
兎,うさぎ
兎に角,とにかく
兎も角,ともかく
児童,じどう
党,とう
入り口,いりぐち
入る,はいる
入れる,いれる
入れ歯,いれば
入れ物,いれもの
入力,にゅうりょく
入国,にゅうこく
入場,にゅうじょう
入場券,にゅうじょうけん
入学,にゅうがく
入室,にゅうしつ
入念,にゅうねん
入手,にゅうしゅ
入札,にゅうさつ
入梅,にゅうばい
入浴,にゅうよく
入社,にゅうしゃ
入籍,にゅうせき
入荷,にゅうか
入試,にゅうし
入賞,にゅうしょう
入選,にゅうせん
入金,にゅうきん
入門,にゅうもん
入院,にゅういん
全く,まったく
全て,すべて
全体,ぜんたい
全力,ぜんりょく
全員,ぜんいん
全国,ぜんこく
全快,ぜんかい
全滅,ぜんめつ
全然,ぜんぜん
全般,ぜんぱん
全身,ぜんしん
全速力,ぜんそくりょく
全部,ぜんぶ
全集,ぜんしゅう
全面的,ぜんめんてき
八,はち
八つ,やっつ
八つ当たり,やつあたり
八日,ようか
八百屋,やおや
公,おおやけ
公使,こうし
公共,こうきょう
公務,こうむ
公務員,こうむいん
公営,こうえい
公団,こうだん
公園,こうえん
公定,こうてい
公害,こうがい
公布,こうふ
公平,こうへい
公式,こうしき
公明,こうめい
公正,こうせい
公民館,こうみんかん
公演,こうえん
公然,こうぜん
公立,こうりつ
公約,こうやく
公衆,こうしゅう
公表,こうひょう
公言,こうげん
公認,こうにん
公開,こうかい
六,ろく
六つ,むっつ
六日,むいか
共々,ともども
共に,ともに
共働き,ともばたらき
共同,きょうどう
共和国,きょうわこく
共存,きょうぞん
共感,きょうかん
共有,きょうゆう
共産主義,きょうさんしゅぎ
共用,きょうよう
共稼ぎ,ともかせぎ
共通,きょうつう
共通語,きょうつうご
兵器,へいき
兵士,へいし
兵役,へいえき
兵隊,へいたい
其れ程,それほど
其奴,そいつ
其方,そちら
其方,そっち
具える,そなえる
具わる,そなわる
具体的,ぐたいてき
具合,ぐあい
典型,てんけい
典型的,てんけいてき
兼ねる,かねる
内,うち
内側,うちがわ
内向,ないこう
内向的,ないこうてき
内容,ないよう
内心,ないしん
内気,うちき
内科,ないか
内緒,ないしょ
内職,ないしょく
内臓,ないぞう
内部,ないぶ
内閣,ないかく
内陸,ないりく
内面,ないめん
円,えん
円周,えんしゅう
円安,えんやす
円満,えんまん
円滑,えんかつ
円盤,えんばん
円高,えんだか
再び,ふたたび
再三,さいさん
再会,さいかい
再度,さいど
再建,さいけん
再来年,さらいねん
再来月,さらいげつ
再来週,さらいしゅう
再生,さいせい
再起,さいき
再開,さいかい
冒す,おかす
冒険,ぼうけん
冒頭,ぼうとう
冗談,じょうだん
写す,うつす
写る,うつる
写生,しゃせい
写真,しゃしん
冠,かんむり
冠婚葬祭,かんこんそうさい
冬,ふゆ
冬休み,ふゆやすみ
冬季,とうき
冬期,とうき
冬眠,とうみん
冬至,とうじ
冴える,さえる
冷える,ひえる
冷え込む,ひえこむ
冷たい,つめたい
冷ます,さます
冷める,さめる
冷やかす,ひやかす
冷やす,ひやす
冷ややか,ひややか
冷や汗,ひやあせ
冷凍,れいとう
冷戦,れいせん
冷房,れいぼう
冷水,れいすい
冷淡,れいたん
冷蔵,れいぞう
冷蔵庫,れいぞうこ
冷酷,れいこく
冷静,れいせい
凄い,すごい
凄まじい,すさまじい
凌ぐ,しのぐ
凍える,こごえる
凍る,こおる
凍結,とうけつ
凝る,こる
凝乎と,じっと
几帳面,きちょうめん
凡そ,およそ
凡人,ぼんじん
処分,しょぶん
処刑,しょけい
処女,しょじょ
処理,しょり
処置,しょち
処罰,しょばつ
凧,たこ
凭れる,もたれる
凸凹,でこぼこ
凹む,へこむ
出,で
出す,だす
出る,でる
出世,しゅっせ
出会う,であう
出入り,でいり
出入り口,でいりぐち
出前,でまえ
出力,しゅつりょく
出勤,しゅっきん
出口,でぐち
出品,しゅっぴん
出国,しゅっこく
出場,しゅつじょう
出席,しゅっせき
出張,しゅっちょう
出掛ける,でかける
出来る,できる
出来るだけ,できるだけ
出来上がり,できあがり
出来上がる,できあがる
出来事,できごと
出欠,しゅっけつ
出演,しゅつえん
出版,しゅっぱん
出版社,しゅっぱんしゃ
出現,しゅつげん
出生,しゅっしょう
出産,しゅっさん
出発,しゅっぱつ
出納,すいとう
出荷,しゅっか
出血,しゅっけつ
出身,しゅっしん
出迎え,でむかえ
出題,しゅつだい
出願,しゅつがん
出鱈目,でたらめ
刀,かたな
刃,は
分,ぶん
分からず屋,わからずや
分かる,わかる
分かれる,わかれる
分ける,わける
分別,ふんべつ
分別,ぶんべつ
分割,ぶんかつ
分子,ぶんし
分岐,ぶんき
分布,ぶんぷ
分担,ぶんたん
分散,ぶんさん
分数,ぶんすう
分析,ぶんせき
分業,ぶんぎょう
分母,ぶんぼ
分泌,ぶんぴつ
分立,ぶんりつ
分裂,ぶんれつ
分解,ぶんかい
分配,ぶんぱい
分野,ぶんや
分量,ぶんりょう
分離,ぶんり
分類,ぶんるい
切っ掛け,きっかけ
切ない,せつない
切り,きり
切り捨てる,きりすてる
切る,きる
切れ,きれ
切れる,きれる
切実,せつじつ
切手,きって
切断,せつだん
切符,きっぷ
刈る,かる
刊行,かんこう
刑,けい
刑事,けいじ
刑務所,けいむしょ
列,れつ
列島,れっとう
列車,れっしゃ
初め,はじめ
初めて,はじめて
初任給,しょにんきゅう
初夏,しょか
初夢,はつゆめ
初心,しょしん
初恋,はつこい
初日,しょにち
初期,しょき
初歩,しょほ
初級,しょきゅう
初詣,はつもうで
初雪,はつゆき
判,はん
判事,はんじ
判例,はんれい
判定,はんてい
判断,はんだん
判明,はんめい
判決,はんけつ
別,べつ
別々,べつべつ
別に,べつに
別れ,わかれ
別れる,わかれる
別個,べっこ
別名,べつめい
別問題,べつもんだい
別居,べっきょ
別荘,べっそう
利く,きく
利口,りこう
利子,りし
利害,りがい
利己主義,りこしゅぎ
利息,りそく
利率,りりつ
利用,りよう
利益,りえき
到底,とうてい
到来,とうらい
到着,とうちゃく
到達,とうたつ
制定,せいてい
制度,せいど
制御,せいぎょ
制服,せいふく
制止,せいし
制約,せいやく
制裁,せいさい
制限,せいげん
刷る,する
券,けん
刺さる,ささる
刺す,さす
刺激,しげき
刺身,さしみ
刻む,きざむ
刻一刻と,こくいっこくと
剃る,そる
剃刀,かみそり
削る,けずる
削減,さくげん
削除,さくじょ
前,まえ
前もって,まえもって
前例,ぜんれい
前借り,まえがり
前半,ぜんはん
前向き,まえむき
前回,ぜんかい
前売り,まえうり
前売り券,まえうりけん
前夜,ぜんや
前年,ぜんねん
前後,ぜんご
前払い,まえばらい
前提,ぜんてい
前方,ぜんぽう
前書き,まえがき
前期,ぜんき
前置き,まえおき
前者,ぜんしゃ
前触れ,まえぶれ
前途,ぜんと
前進,ぜんしん
剣道,けんどう
剥がす,はがす
剥く,むく
剥ぐ,はぐ
剥ける,むける
剥げる,はげる
副作用,ふくさよう
副詞,ふくし
割く,さく
割に,わりに
割り,わり
割り出す,わりだす
割り切る,わりきる
割り引き,わりびき
割り引く,わりびく
割り当て,わりあて
割り当てる,わりあてる
割り算,わりざん
割り箸,わりばし
割り込む,わりこむ
割る,わる
割れる,われる
割れ目,われめ
割合,わりあい
割合に,わりあいに
創作,そうさく
創刊,そうかん
創立,そうりつ
創造,そうぞう
劇,げき
劇場,げきじょう
劇的,げきてき
力,ちから
力む,りきむ
力一杯,ちからいっぱい
力強い,ちからづよい
力持ち,ちからもち
力試し,ちからだめし
加える,くわえる
加わる,くわわる
加入,かにゅう
加害者,かがいしゃ
加工,かこう
加減,かげん
加盟,かめい
加速,かそく
劣る,おとる
劣等感,れっとうかん
助かる,たすかる
助ける,たすける
助手,じょしゅ
助教授,じょきょうじゅ
助言,じょげん
助詞,じょし
努めて,つとめて
努める,つとめる
努力,どりょく
励ます,はげます
励む,はげむ
労る,いたわる
労働,ろうどう
労働者,ろうどうしゃ
労力,ろうりょく
効き目,ききめ
効く,きく
効力,こうりょく
効果,こうか
効率,こうりつ
勇ましい,いさましい
勇敢,ゆうかん
勇気,ゆうき
勉学,べんがく
勉強,べんきょう
動かす,うごかす
動き,うごき
動く,うごく
動じる,どうじる
動もすれば,ややもすれば
動乱,どうらん
動作,どうさ
動力,どうりょく
動向,どうこう
動員,どういん
動揺,どうよう
動機,どうき
動物,どうぶつ
動物園,どうぶつえん
動脈,どうみゃく
動詞,どうし
動静,どうせい
勘,かん
勘定,かんじょう
勘違い,かんちがい
務め,つとめ
務める,つとめる
勝ち,かち
勝つ,かつ
勝る,まさる
勝利,しょうり
勝手,かって
勝敗,しょうはい
勝負,しょうぶ
募る,つのる
募集,ぼしゅう
勢い,いきおい
勢力,せいりょく
勤め,つとめ
勤める,つとめる
勤め先,つとめさき
勤労,きんろう
勤勉,きんべん
勤務,きんむ
勧める,すすめる
勾配,こうばい
勿体無い,もったいない
勿論,もちろん
匂い,におい
匂う,におう
包み,つつみ
包み紙,つつみがみ
包む,くるむ
包む,つつむ
包丁,ほうちょう
包囲,ほうい
包帯,ほうたい
包装,ほうそう
化ける,ばける
化け物,ばけもの
化合,かごう
化学,かがく
化石,かせき
化粧,けしょう
化繊,かせん
北,きた
北東,ほくとう
北極,ほっきょく
北西,ほくせい
北部,ほくぶ
北風,きたかぜ
匙,さじ
匹敵,ひってき
区,く
区々,まちまち
区分,くぶん
区切る,くぎる
区別,くべつ
区域,くいき
区役所,くやくしょ
区画,くかく
区間,くかん
医学,いがく
医師,いし
医療,いりょう
医者,いしゃ
医薬品,いやくひん
匿名,とくめい
十,じゅう
十分,じゅうぶん
十字架,じゅうじか
十字路,じゅうじろ
十日,とおか
千,せん
千切る,ちぎる
千切れる,ちぎれる
午前,ごぜん
午後,ごご
半ば,なかば
半分,はんぶん
半導体,はんどうたい
半島,はんとう
半年,はんとし
半径,はんけい
半数,はんすう
半日,はんにち
半月,はんつき
半減,はんげん
半端,はんぱ
半袖,はんそで
半身,はんしん
半面,はんめん
卑しい,いやしい
卑劣,ひれつ
卑怯,ひきょう
卒業,そつぎょう
協力,きょうりょく
協議,きょうぎ
南,みなみ
南北,なんぼく
南東,なんとう
南極,なんきょく
南瓜,かぼちゃ
南西,なんせい
南部,なんぶ
単に,たんに
単一,たんいつ
単位,たんい
単数,たんすう
単純,たんじゅん
単行本,たんこうぼん
単語,たんご
単調,たんちょう
博士,はかせ
博士,はくし
博学,はくがく
博愛,はくあい
博物館,はくぶつかん
博覧会,はくらんかい
占い,うらない
占う,うらなう
占める,しめる
占領,せんりょう
印,しるし
印刷,いんさつ
印紙,いんし
印象,いんしょう
印鑑,いんかん
危うい,あやうい
危うく,あやうく
危ない,あぶない
危惧,きぐ
危機,きき
危篤,きとく
危険,きけん
即席,そくせき
即座,そくざ
即死,そくし
却って,かえって
卵,たまご
卸す,おろす
卸売り,おろしうり
厄介,やっかい
厚い,あつい
厚かましい,あつかましい
厚さ,あつさ
厚意,こうい
厚生,こうせい
厚着,あつぎ
原,はら
原っぱ,はらっぱ
原作,げんさく
原則,げんそく
原告,げんこく
原因,げんいん
原始,げんし
原子,げんし
原子力,げんしりょく
原料,げんりょう
原書,げんしょ
原油,げんゆ
原点,げんてん
原爆,げんばく
原理,げんり
原稿,げんこう
原稿用紙,げんこうようし
厳か,おごそか
厳しい,きびしい
厳守,げんしゅ
厳密,げんみつ
厳格,げんかく
厳重,げんじゅう
去る,さる
去年,きょねん
参る,まいる
参加,さんか
参政権,さんせいけん
参照,さんしょう
参考,さんこう
参考書,さんこうしょ
参議院,さんぎいん
又,また
及ぶ,およぶ
及ぼす,およぼす
友,とも
友人,ゆうじん
友好,ゆうこう
友情,ゆうじょう
友達,ともだち
双子,ふたご
反する,はんする
反る,そる
反乱,はんらん
反作用,はんさよう
反則,はんそく
反動,はんどう
反対,はんたい
反射,はんしゃ
反射的,はんしゃてき
反応,はんのう
反感,はんかん
反戦,はんせん
反抗,はんこう
反撃,はんげき
反日,はんにち
反映,はんえい
反発,はんぱつ
反省,はんせい
反論,はんろん
反逆,はんぎゃく
反面,はんめん
反響,はんきょう
収まる,おさまる
収める,おさめる
収入,しゅうにゅう
収容,しゅうよう
収拾,しゅうしゅう
収支,しゅうし
収穫,しゅうかく
収集,しゅうしゅう
叔母、伯母,おば
叔母さん,おばさん
叔父,おじ
叔父さん,おじさん
取っ手,とって
取り上げる,とりあげる
取り入れる,とりいれる
取り出す,とりだす
取り分け,とりわけ
取り外す,とりはずす
取り寄せる,とりよせる
取り巻く,とりまく
取り戻す,とりもどす
取り扱い,とりあつかい
取り扱う,とりあつかう
取り掛かる,とりかかる
取り敢えず,とりあえず
取り替える,とりかえる
取り柄,とりえ
取り次ぐ,とりつぐ
取り決め,とりきめ
取り消し,とりけし
取り消す,とりけす
取り組む,とりくむ
取り締まり,とりしまり
取り締まる,とりしまる
取り調べ,とりしらべ
取り込む,とりこむ
取り返す,とりかえす
取り除く,とりのぞく
取る,とる
取れる,とれる
取引,とりひき
取得,しゅとく
取材,しゅざい
取締役,とりしまりやく
受かる,うかる
受ける,うける
受け付ける,うけつける
受け入れる,うけいれる
受け取り,うけとり
受け取る,うけとる
受け持ち,うけもち
受け持つ,うけもつ
受け止める,うけとめる
受け継ぐ,うけつぐ
受け身,うけみ
受付,うけつけ
受信,じゅしん
受動的,じゅどうてき
受話器,じゅわき
受験,じゅけん
口,くち
口々に,くちぐちに
口ごもる,くちごもる
口先,くちさき
口出し,くちだし
口喧嘩,くちげんか
口実,こうじつ
口数,くちかず
口止め,くちどめ
口癖,くちぐせ
口笛,くちぶえ
口答え,くちごたえ
口紅,くちべに
口語,こうご
口論,こうろん
古い,ふるい
古代,こだい
古典,こてん
古本,ふるほん
古里,ふるさと
句,く
句読点,くとうてん
叩き,はたき
叩く,たたく
只,ただ
只管,ひたすら
叫び,さけび
叫ぶ,さけぶ
召し上がる,めしあがる
可,か
可也,かなり
可哀相,かわいそう
可愛い,かわいい
可愛がる,かわいがる
可愛らしい,かわいらしい
可決,かけつ
可燃物,かねんぶつ
可笑しい,おかしい
可能,かのう
台,だい
台所,だいどころ
台無し,だいなし
台風,たいふう
叱る,しかる
史上,しじょう
右,みぎ
右側,みぎがわ
右手,みぎて
右翼,うよく
叶う,かなう
叶える,かなえる
司会,しかい
司法,しほう
吃る,どもる
吃逆,しゃっくり
各々,おのおの
各国,かっこく
各地,かくち
各種,かくしゅ
各自,かくじ
合う,あう
合わす,あわす
合わせる,あわせる
合併,がっぺい
合同,ごうどう
合唱,がっしょう
合図,あいず
合宿,がっしゅく
合意,ごうい
合成,ごうせい
合格,ごうかく
合法,ごうほう
合理,ごうり
合理化,ごうりか
合理的,ごうりてき
合計,ごうけい
合間,あいま
吊る,つる
吊るす,つるす
同じ,おなじ
同一,どういつ
同上,どうじょう
同伴,どうはん
同列,どうれつ
同化,どうか
同士,どうし
同姓,どうせい
同封,どうふう
同居,どうきょ
同志,どうし
同性,どうせい
同情,どうじょう
同意,どうい
同感,どうかん
同時,どうじ
同期,どうき
同棲,どうせい
同様,どうよう
同盟,どうめい
同窓会,どうそうかい
同等,どうとう
同級生,どうきゅうせい
同音,どうおん
同類,どうるい
名,な
名人,めいじん
名付ける,なづける
名作,めいさく
名刺,めいし
名前,なまえ
名声,めいせい
名字,みょうじ
名所,めいしょ
名月,めいげつ
名札,なふだ
名案,めいあん
名残,なごり
名残惜しい,なごりおしい
名物,めいぶつ
名目,めいもく
名称,めいしょう
名簿,めいぼ
名義,めいぎ
名著,めいちょ
名詞,めいし
名誉,めいよ
名門,めいもん
名高い,なだかい
吐く,はく
向かい,むかい
向かう,むかう
向き,むき
向く,むく
向ける,むける
向こう,むこう
向こう側,むこうがわ
向上,こうじょう
君,きみ
吟味,ぎんみ
吠える,ほえる
否々,いやいや
否定,ひてい
否決,ひけつ
否認,ひにん
含む,ふくむ
含める,ふくめる
吸い殻,すいがら
吸い込む,すいこむ
吸う,すう
吸収,きゅうしゅう
吹き出す,ふきだす
吹き溜まり,ふきだまり
吹き込む,ふきこむ
吹く,ふく
吹雪,ふぶき
呆れる,あきれる
呆気,あっけ
呆然と,ぼうぜんと
呉れる,くれる
呉れ呉れも,くれぐれも
告げる,つげる
告白,こくはく
告訴,こくそ
呟く,つぶやく
周り,まわり
周囲,しゅうい
周期,しゅうき
周辺,しゅうへん
呪い,のろい
呪う,のろう
味,あじ
味わう,あじわう
味噌,みそ
味噌汁,みそしる
味方,みかた
味覚,みかく
呼び出す,よびだす
呼び名,よびな
呼び捨て,よびすて
呼び掛ける,よびかける
呼ぶ,よぶ
呼吸,こきゅう
命,いのち
命じる,めいじる
命ずる,めいずる
命中,めいちゅう
命令,めいれい
命日,めいにち
咄嗟に,とっさに
和,わ
和む,なごむ
和やか,なごやか
和らぐ,やわらぐ
和らげる,やわらげる
和室,わしつ
和平,わへい
和式,わしき
和服,わふく
和歌,わか
和英,わえい
和解,わかい
和語,わご
和風,わふう
和食,わしょく
咎める,とがめる
咲く,さく
咳,せき
哀れ,あわれ
哀れむ,あわれむ
品,しな
品,ひん
品切れ,しなぎれ
品名,ひんめい
品物,しなもの
品種,ひんしゅ
品詞,ひんし
品質,ひんしつ
哲学,てつがく
唆す,そそのかす
唇,くちびる
唐辛子,とうがらし
唯,ただ
唯一,ゆいいつ
唸る,うなる
唾,つば
商人,しょうにん
商品,しょうひん
商売,しょうばい
商店,しょうてん
商業,しょうぎょう
商社,しょうしゃ
商談,しょうだん
問い,とい
問い合わせる,といあわせる
問う,とう
問屋,とんや
問答,もんどう
問題,もんだい
啓蒙,けいもう
善,ぜん
善くも,よくも
善く善く,よくよく
善し悪し,よしあし
善悪,ぜんあく
善意,ぜんい
喉,のど
喋る,しゃべる
喚く,わめく
喜ばす,よろこばす
喜び,よろこび
喜ぶ,よろこぶ
喜劇,きげき
喧しい,やかましい
喧嘩,けんか
喪失,そうしつ
喫煙,きつえん
喫茶店,きっさてん
営む,いとなむ
営利,えいり
営業,えいぎょう
嗅ぐ,かぐ
嘆き,なげき
嘆く,なげく
嘘,うそ
嘘吐き,うそつき
嘲る,あざける
嘴,くちばし
嘸,さぞ
噂,うわさ
噛み付く,かみつく
噛む,かむ
器,うつわ
器具,きぐ
器官,きかん
器械,きかい
器用,きよう
噴水,ふんすい
噴火,ふんか
嚏,くしゃみ
囀る,さえずる
囁く,ささやく
四,し
四,よん
四つ,よっつ
四つ角,よつかど
四季,しき
四捨五入,ししゃごにゅう
四方,しほう
四日,よっか
四角,しかく
四角い,しかくい
回す,まわす
回り道,まわりみち
回る,まわる
回収,かいしゅう
回帰,かいき
回復,かいふく
回想,かいそう
回数,かいすう
回数券,かいすうけん
回答,かいとう
回路,かいろ
回転,かいてん
回顧,かいこ
因る,よる
団体,だんたい
団地,だんち
団扇,うちわ
団結,だんけつ
困る,こまる
困惑,こんわく
困難,こんなん
囲い,かこい
囲う,かこう
囲む,かこむ
囲碁,いご
図,ず
図々しい,ずうずうしい
図る,はかる
図形,ずけい
図書,としょ
図書室,としょしつ
図書館,としょかん
図示,ずし
図表,ずひょう
固い,かたい
固まる,かたまる
固める,かためる
固体,こたい
固執,こしつ
固定,こてい
固形,こけい
固有,こゆう
固苦しい,かたくるしい
国,くに
国々,くにぐに
国交,こっこう
国会,こっかい
国内,こくない
国力,こくりょく
国名,こくめい
国営,こくえい
国土,こくど
国境,こっきょう
国外,こくがい
国宝,こくほう
国家,こっか
国旗,こっき
国有,こくゆう
国民,こくみん
国産,こくさん
国税,こくぜい
国立,こくりつ
国籍,こくせき
国語,こくご
国費,こくひ
国連,こくれん
国道,こくどう
国鉄,こくてつ
国防,こくぼう
国際,こくさい
国際化,こくさいか
国際的,こくさいてき
国電,こくでん
園芸,えんげい
土,つち
土台,どだい
土地,とち
土手,どて
土曜日,どようび
土産,みやげ
土足,どそく
土間,どま
圧倒,あっとう
圧力,あつりょく
圧縮,あっしゅく
圧迫,あっぱく
在学,ざいがく
在日,ざいにち
在留,ざいりゅう
在籍,ざいせき
地,ち
地上,ちじょう
地下,ちか
地下道,ちかどう
地下鉄,ちかてつ
地主,じぬし
地位,ちい
地価,ちか
地元,じもと
地名,ちめい
地味,じみ
地図,ちず
地域,ちいき
地帯,ちたい
地平線,ちへいせん
地形,ちけい
地方,ちほう
地点,ちてん
地獄,じごく
地球,ちきゅう
地理,ちり
地質,ちしつ
地震,じしん
地面,じめん
坂,さか
均一,きんいつ
均整,きんせい
均等,きんとう
均衡,きんこう
坊さん,ぼうさん
坊ちゃん,ぼっちゃん
坊主,ぼうず
垂らす,たらす
垂れる,たれる
垂直,すいちょく
型,かた
垢,あか
垣根,かきね
埃,ほこり
埋まる,うずまる
埋まる,うまる
埋める,うずめる
埋める,うめる
埋め立て,うめたて
城,しろ
執る,とる
執念,しゅうねん
執着,しゅうちゃく
執筆,しっぴつ
執行,しっこう
基づく,もとづく
基地,きち
基本,きほん
基準,きじゅん
基盤,きばん
基礎,きそ
堀,ほり
堂々と,どうどうと
堅実,けんじつ
堆積,たいせき
堕落,だらく
堤防,ていぼう
堪える,こらえる
堪らない,たまらない
報いる,むくいる
報じる,ほうじる
報ずる,ほうずる
報告,ほうこく
報道,ほうどう
報酬,ほうしゅう
場,ば
場合,ばあい
場所,ばしょ
場違い,ばちがい
場面,ばめん
塀,へい
塊,かたまり
塔,とう
塗る,ぬる
塞がる,ふさがる
塞ぐ,ふさぐ
塩,しお
塩分,えんぶん
塩梅,あんばい
塩辛い,しおからい
塵,ごみ
塵,ちり
塾,じゅく
境,さかい
境内,けいだい
境界,きょうかい
境遇,きょうぐう
墓,はか
墓参り,はかまいり
墓地,ぼち
増える,ふえる
増す,ます
増す増す,ますます
増やす,ふやす
増加,ぞうか
増大,ぞうだい
増減,ぞうげん
増税,ぞうぜい
墜落,ついらく
墨,すみ
壁,かべ
壇,だん
壊す,こわす
壊れる,こわれる
声,こえ
声明,せいめい
売り上げ,うりあげ
売り出す,うりだす
売り切れ,うりきれ
売り切れる,うりきれる
売り場,うりば
売り手,うりて
売り物,うりもの
売り込む,うりこむ
売る,うる
売れる,うれる
売店,ばいてん
売春,ばいしゅん
売買,ばいばい
壺,つぼ
変,へん
変える,かえる
変わる,かわる
変動,へんどう
変化,へんか
変容,へんよう
変形,へんけい
変換,へんかん
変更,へんこう
変貌,へんぼう
変身,へんしん
夏,なつ
夏ばて,なつばて
夏休み,なつやすみ
夏季,かき
夏期,かき
夏至,げし
夕刊,ゆうかん
夕方,ゆうがた
夕日,ゆうひ
夕暮れ,ゆうぐれ
夕焼け,ゆうやけ
夕立,ゆうだち
夕食,ゆうしょく
夕飯,ゆうはん
外,そと
外す,はずす
外れ,はずれ
外れる,はずれる
外交,がいこう
外人,がいじん
外側,そとがわ
外出,がいしゅつ
外務省,がいむしょう
外国,がいこく
外国人,がいこくじん
外国語,がいこくご
外来語,がいらいご
外気,がいき
外相,がいしょう
外科,げか
外見,がいけん
外観,がいかん
外貨,がいか
外車,がいしゃ
外部,がいぶ
外面,がいめん
外食,がいしょく
多い,おおい
多く,おおく
多分,たぶん
多大,ただい
多少,たしょう
多忙,たぼう
多数,たすう
多様,たよう
多湿,たしつ
多角,たかく
多量,たりょう
夜,よ
夜,よる
夜中,よなか
夜具,やぐ
夜学,やがく
夜明け,よあけ
夜景,やけい
夜更かし,よふかし
夜更け,よふけ
夜空,よぞら
夜間,やかん
夢,ゆめ
夢中,むちゅう
夢想,むそう
夥しい,おびただしい
大,だい
大いに,おおいに
大きい,おおきい
大きさ,おおきさ
大ざっぱ,おおざっぱ
大して,たいして
大まか,おおまか
大丈夫,だいじょうぶ
大事,だいじ
大人,おとな
大人しい,おとなしい
大仏,だいぶつ
大会,たいかい
大体,だいたい
大使,たいし
大使館,たいしかん
大便,だいべん
大分,だいぶ
大分,だいぶん
大切,たいせつ
大別,たいべつ
大前提,だいぜんてい
大勢,おおぜい
大勢,たいせい
大半,たいはん
大喜び,おおよろこび
大国,たいこく
大地,だいち
大型,おおがた
大声,おおごえ
大変,たいへん
大多数,だいたすう
大好き,だいすき
大嫌い,だいきらい
大学,だいがく
大学生,だいがくせい
大学院,だいがくいん
大家,おおや
大家,たいか
大小,だいしょう
大層,たいそう
大工,だいく
大幅,おおはば
大急ぎ,おおいそぎ
大戦,たいせん
大手,おおて
大抵,たいてい
大文字,おおもじ
大方,おおかた
大晦日,おおみそか
大根,だいこん
大概,たいがい
大正,たいしょう
大気,たいき
大水,おおみず
大盛り,おおもり
大砲,たいほう
大統領,だいとうりょう
大胆,だいたん
大脳,だいのう
大臣,だいじん
大蔵省,おおくらしょう
大衆,たいしゅう
大袈裟,おおげさ
大豆,だいず
大通り,おおどおり
大部分,だいぶぶん
大量,たいりょう
大金,たいきん
大陸,たいりく
大雨,おおあめ
大雪,おおゆき
大騒ぎ,おおさわぎ
大麦,おおむぎ
天,てん
天の川,あまのがわ
天ぷら,てんぷら
天下,てんか
天井,てんじょう
天体,てんたい
天候,てんこう
天国,てんごく
天才,てんさい
天気,てんき
天気予報,てんきよほう
天災,てんさい
天然,てんねん
天皇,てんのう
天辺,てっぺん
太い,ふとい
太る,ふとる
太陽,たいよう
太鼓,たいこ
夫,おっと
夫れ夫れ,それぞれ
夫人,ふじん
夫妻,ふさい
夫婦,ふうふ
失う,うしなう
失恋,しつれん
失敗,しっぱい
失敬,しっけい
失望,しつぼう
失格,しっかく
失業,しつぎょう
失礼,しつれい
奇妙,きみょう
奇数,きすう
奇跡,きせき
奇麗,きれい
奉仕,ほうし
契約,けいやく
奢る,おごる
奥,おく
奥さん,おくさん
奥様,おくさま
奥行,おくゆき
奨励,しょうれい
奨学金,しょうがくきん
奪う,うばう
奮う,ふるう
奮発,ふんぱつ
女,おんな
女の子,おんなのこ
女らしい,おんならしい
女優,じょゆう
女子,じょし
女性,じょせい
女性的,じょせいてき
女房,にょうぼう
女王,じょおう
奴,やつ
好き,すき
好き好き,すきずき
好き嫌い,すききらい
好ましい,このましい
好み,このみ
好む,このむ
好奇心,こうきしん
好意,こうい
好感,こうかん
好物,こうぶつ
好調,こうちょう
好転,こうてん
好都合,こうつごう
如何,いかが
如何して,どうして
如何しても,どうしても
如何に,いかに
如何にも,いかにも
妊娠,にんしん
妙,みょう
妥協,だきょう
妥当,だとう
妥結,だけつ
妨げる,さまたげる
妨害,ぼうがい
妬む,ねたむ
妹,いもうと
妻,つま
妻子,さいし
姉,あね
姉さん,ねえさん
姉妹,しまい
始まり,はじまり
始まる,はじまる
始め,はじめ
始めに,はじめに
始める,はじめる
始末,しまつ
始発,しはつ
始終,しじゅう
姑,しゅうとめ
姓,せい
姓名,せいめい
委ねる,ゆだねる
委任,いにん
委員,いいん
委員会,いいんかい
姪,めい
姿,すがた
姿勢,しせい
威勢,いせい
威嚇,いかく
威張る,いばる
娘,むすめ
娯楽,ごらく
婆さん,ばあさん
婉曲,えんきょく
婚約,こんやく
婦人,ふじん
婦女,ふじょ
婿,むこ
媒体,ばいたい
嫁,よめ
嫁ぐ,とつぐ
嫉妬,しっと
嫌,いや
嫌い,きらい
嫌う,きらう
嫌がる,いやがる
嫌らしい,いやらしい
嫌悪,けんお
嬉しい,うれしい
子,こ
子供,こども
子孫,しそん
孕む,はらむ
字,じ
字引,じびき
字画,じかく
存じる,ぞんじる
存在,そんざい
孝行,こうこう
季節,きせつ
季語,きご
孤独,こどく
孤立,こりつ
学,がく
学ぶ,まなぶ
学会,がっかい
学位,がくい
学割,がくわり
学力,がくりょく
学問,がくもん
学園,がくえん
学年,がくねん
学期,がっき
学校,がっこう
学歴,がくれき
学生,がくせい
学界,がっかい
学科,がっか
学習,がくしゅう
学者,がくしゃ
学説,がくせつ
学費,がくひ
学部,がくぶ
学長,がくちょう
孫,まご
宅地,たくち
宇宙,うちゅう
守る,まもる
守備,しゅび
守衛,しゅえい
安い,やすい
安っぽい,やすっぽい
安全,あんぜん
安否,あんぴ
安売り,やすうり
安定,あんてい
安心,あんしん
安易,あんい
安静,あんせい
完了,かんりょう
完全,かんぜん
完成,かんせい
完璧,かんぺき
宗教,しゅうきょう
官僚,かんりょう
官庁,かんちょう
官邸,かんてい
定まる,さだまる
定める,さだめる
定休日,ていきゅうび
定価,ていか
定員,ていいん
定型,ていけい
定年,ていねん
定形,ていけい
定期,ていき
定期券,ていきけん
定着,ていちゃく
定義,ていぎ
定規,じょうぎ
定食,ていしょく
宛先,あてさき
宛名,あてな
宜しい,よろしい
宝,たから
宝くじ,たからくじ
宝石,ほうせき
実,み
実に,じつに
実は,じつは
実る,みのる
実例,じつれい
実力,じつりょく
実名,じつめい
実在,じつざい
実家,じっか
実情,じつじょう
実感,じっかん
実態,じったい
実施,じっし
実況,じっきょう
実物,じつぶつ
実現,じつげん
実用,じつよう
実用的,じつようてき
実績,じっせき
実習,じっしゅう
実行,じっこう
実話,じつわ
実費,じっぴ
実践,じっせん
実際,じっさい
実験,じっけん
客,きゃく
客室,きゃくしつ
客席,きゃくせき
客観,きゃっかん
客観的,きゃっかんてき
客車,きゃくしゃ
客間,きゃくま
宣伝,せんでん
宣告,せんこく
宣言,せんげん
室内,しつない
宥める,なだめる
宮,みや
害,がい
害する,がいする
害虫,がいちゅう
宴会,えんかい
家,いえ
家,うち
家主,やぬし
家事,かじ
家具,かぐ
家内,かない
家出,いえで
家屋,かおく
家庭,かてい
家族,かぞく
家柄,いえがら
家畜,かちく
家系,かけい
家計,かけい
家賃,やちん
容器,ようき
容態,ようだい
容易,ようい
容易い,たやすい
容疑者,ようぎしゃ
容積,ようせき
容赦,ようしゃ
宿,やど
宿命,しゅくめい
宿屋,やどや
宿泊,しゅくはく
宿題,しゅくだい
寂しい,さびしい
寄せる,よせる
寄せ集め,よせあつめ
寄りかかる,よりかかる
寄り道,よりみち
寄り集まる,よりあつまる
寄る,よる
寄付,きふ
寄生,きせい
寄贈,きぞう
寄越す,よこす
密か,ひそか
密入国,みつにゅうこく
密売,みつばい
密度,みつど
密接,みっせつ
密輸,みつゆ
密集,みっしゅう
富,とみ
富む,とむ
寒い,さむい
寒さ,さむさ
寒冷,かんれい
寒暖計,かんだんけい
寒気,かんき
寒気,さむけ
寒波,かんぱ
寛ぐ,くつろぐ
寛大,かんだい
寝かす,ねかす
寝かせる,ねかせる
寝ぼける,ねぼける
寝る,ねる
寝付き,ねつき
寝付く,ねつく
寝冷え,ねびえ
寝台,しんだい
寝坊,ねぼう
寝室,しんしつ
寝巻き,ねまき
寝床,ねどこ
寝息,ねいき
寝相,ねぞう
寝言,ねごと
寝転ぶ,ねころぶ
寝返り,ねがえり
寝返る,ねがえる
寝過ごす,ねすごす
寝顔,ねがお
察する,さっする
寧ろ,むしろ
審判,しんぱん
審議,しんぎ
寮,りょう
寸法,すんぽう
寺,てら
寺院,じいん
対,つい
対する,たいする
対処,たいしょ
対応,たいおう
対抗,たいこう
対日,たいにち
対比,たいひ
対決,たいけつ
対照,たいしょう
対称,たいしょう
対立,たいりつ
対等,たいとう
対策,たいさく
対話,たいわ
対談,たいだん
対象,たいしょう
寿司,すし
寿命,じゅみょう
封,ふう
封建主義,ほうけんしゅぎ
封建的,ほうけんてき
封筒,ふうとう
封鎖,ふうさ
専ら,もっぱら
専務,せんむ
専念,せんねん
専攻,せんこう
専用,せんよう
専門,せんもん
専門家,せんもんか
射す,さす
将来,しょうらい
将棋,しょうぎ
将軍,しょうぐん
尊ぶ,とうとぶ
尊敬,そんけい
尊重,そんちょう
尋ねる,たずねる
導く,みちびく
導入,どうにゅう
小,しょう
小さい,ちいさい
小便,しょうべん
小児科,しょうにか
小切手,こぎって
小包,こづつみ
小型,こがた
小売り,こうり
小売店,こうりてん
小学校,しょうがっこう
小学生,しょうがくせい
小屋,こや
小川,おがわ
小指,こゆび
小数,しょうすう
小数点,しょうすうてん
小文字,こもじ
小火,ぼや
小説,しょうせつ
小豆,あずき
小遣い,こづかい
小雨,こさめ
小鳥,ことり
小麦,こむぎ
小麦粉,こむぎこ
少々,しょうしょう
少し,すこし
少しも,すこしも
少ない,すくない
少なからず,すくなからず
少なくとも,すくなくとも
少女,しょうじょ
少年,しょうねん
少数,しょうすう
少量,しょうりょう
尖る,とがる
尚更,なおさら
尤も,もっとも
尤もらしい,もっともらしい
就く,つく
就任,しゅうにん
就職,しゅうしょく
尻,しり
尻尾,しっぽ
尽きる,つきる
尽くす,つくす
尾,お
局,きょく
屁,おなら
居る,いる
居る,おる
居住,きょじゅう
居眠り,いねむり
居酒屋,いざかや
居間,いま
屈折,くっせつ
届く,とどく
届け,とどけ
届ける,とどける
屋上,おくじょう
屋内,おくない
屋外,おくがい
屋敷,やしき
屋根,やね
屑,くず
展望,てんぼう
展示,てんじ
展覧会,てんらんかい
展開,てんかい
属する,ぞくする
屡々,しばしば
履く,はく
履歴,りれき
履歴書,りれきしょ
履物,はきもの
山,やま
山林,さんりん
山登り,やまのぼり
山積,さんせき
山脈,さんみゃく
山葵,わさび
屹度,きっと
岩,いわ
岬,みさき
岸,きし
岸辺,きしべ
峠,とうげ
峰,みね
島,しま
島,とう
崇拝,すうはい
崖,がけ
崩す,くずす
崩れる,くずれる
崩壊,ほうかい
嵌まる,はまる
嵐,あらし
川,かわ
川原,かわら
州,しゅう
巡り会う,めぐりあう
巡る,めぐる
巡回,じゅんかい
巡査,じゅんさ
巣,す
工事,こうじ
工作,こうさく
工場,こうじょう
工夫,くふう
工学,こうがく
工学部,こうがくぶ
工業,こうぎょう
工程,こうてい
工芸,こうげい
左,ひだり
左側,ひだりがわ
左利き,ひだりきき
左右,さゆう
左手,ひだりて
左翼,さよく
左遷,させん
巧み,たくみ
巧妙,こうみょう
巨大,きょだい
巨視的,きょしてき
巫山戯る,ふざける
差,さ
差し上げる,さしあげる
差し伸べる,さしのべる
差し出す,さしだす
差し引き,さしひき
差し当たり,さしあたり
差し掛かる,さしかかる
差し支える,さしつかえる
差す,さす
差別,さべつ
巻き添え,まきぞえ
巻き込む,まきこむ
巻く,まく
市,いち
市,し
市内,しない
市場,いちば
市場,しじょう
市外,しがい
市役所,しやくしょ
市民,しみん
市立,しりつ
市街,しがい
市販,しはん
市長,しちょう
布,ぬの
布団,ふとん
布巾,ふきん
希望,きぼう
帝国,ていこく
師走,しわす
席,せき
席上,せきじょう
帯,おび
帰す,かえす
帰り,かえり
帰る,かえる
帰京,ききょう
帰化,きか
帰国,きこく
帰宅,きたく
帰省,きせい
常に,つねに
常用,じょうよう
常用漢字,じょうようかんじ
常識,じょうしき
帽子,ぼうし
幅,はば
幅広い,はばひろい
幕,まく
干し物,ほしもの
干す,ほす
干渉,かんしょう
平たい,ひらたい
平ら,たいら
平仮名,ひらがな
平凡,へいぼん
平和,へいわ
平均,へいきん
平常,へいじょう
平年,へいねん
平成,へいせい
平方,へいほう
平日,へいじつ
平気,へいき
平穏,へいおん
平等,びょうどう
平行,へいこう
平野,へいや
平面,へいめん
年,とし
年々,ねんねん
年上,としうえ
年下,としした
年中,ねんじゅう
年代,ねんだい
年収,ねんしゅう
年号,ねんごう
年始,ねんし
年寄り,としより
年度,ねんど
年月,としつき
年月,ねんげつ
年月日,ねんがっぴ
年末,ねんまつ
年表,ねんぴょう
年賀,ねんが
年賀状,ねんがじょう
年輪,ねんりん
年配,ねんぱい
年長,ねんちょう
年間,ねんかん
年頃,としごろ
年頭,ねんとう
年齢,ねんれい
幸い,さいわい
幸せ,しあわせ
幸福,こうふく
幸運,こううん
幹,みき
幹事,かんじ
幹部,かんぶ
幻,まぼろし
幻想,げんそう
幻覚,げんかく
幼い,おさない
幼なじみ,おさななじみ
幼児,ようじ
幼稚,ようち
幼稚園,ようちえん
幽霊,ゆうれい
幾つ,いくつ
幾ら,いくら
幾何,きか
幾分,いくぶん
幾度,いくど
幾日,いくにち
庁,ちょう
広い,ひろい
広がる,ひろがる
広げる,ひろげる
広さ,ひろさ
広まる,ひろまる
広める,ひろめる
広告,こうこく
広場,ひろば
広大,こうだい
庇う,かばう
床,とこ
床,ゆか
床の間,とこのま
床屋,とこや
序で,ついで
序でに,ついでに
底,そこ
店,みせ
店員,てんいん
店舗,てんぽ
店開き,みせびらき
府,ふ
府庁,ふちょう
府立,ふりつ
度,ど
度々,たびたび
度忘れ,どわすれ
座る,すわる
座布団,ざぶとん
座席,ざせき
座敷,ざしき
座禅,ざぜん
座談会,ざだんかい
庭,にわ
庭園,ていえん
庶民,しょみん
廃止,はいし
廃絶,はいぜつ
廊下,ろうか
延ばす,のばす
延びる,のびる
延べ,のべ
延期,えんき
延滞,えんたい
延長,えんちょう
建つ,たつ
建てる,たてる
建て前,たてまえ
建物,たてもの
建築,けんちく
建設,けんせつ
弁える,わきまえる
弁償,べんしょう
弁当,べんとう
弁明,べんめい
弁済,べんさい
弁解,べんかい
弁論,べんろん
弁護,べんご
弁護士,べんごし
弄る,いじる
弊害,へいがい
式,しき
弓,ゆみ
引きつる,ひきつる
引き下げる,ひきさげる
引き付ける,ひきつける
引き伸ばす,ひきのばす
引き出し,ひきだし
引き出す,ひきだす
引き分け,ひきわけ
引き取る,ひきとる
引き受ける,ひきうける
引き延ばす,ひきのばす
引き戻す,ひきもどす
引き抜く,ひきぬく
引き揚げる,ひきあげる
引き換え,ひきかえ
引き摺る,ひきずる
引き止める,ひきとめる
引き算,ひきざん
引き継ぎ,ひきつぎ
引き継ぐ,ひきつぐ
引き続き,ひきつづき
引き締まる,ひきしまる
引き締め,ひきしめ
引き締める,ひきしめる
引き裂く,ひきさく
引き起こす,ひきおこす
引き返す,ひきかえす
引き金,ひきがね
引き離す,ひきはなす
引く,ひく
引け目,ひけめ
引っ付く,ひっつく
引っ切り無しに,ひっきりなしに
引っ張る,ひっぱる
引っ掛かる,ひっかかる
引っ掛ける,ひっかける
引っ繰り返る,ひっくりかえる
引っ越し,ひっこし
引っ越す,ひっこす
引っ込む,ひっこむ
引力,いんりょく
引用,いんよう
引退,いんたい
弟,おとうと
弟子,でし
弟子入り,でしいり
弱い,よわい
弱まる,よわまる
弱み,よわみ
弱める,よわめる
弱る,よわる
弱気,よわき
弱点,じゃくてん
弱虫,よわむし
弱音,よわね
張り出す,はりだす
張り切る,はりきる
張る,はる
張本人,ちょうほんにん
強い,つよい
強いて,しいて
強いる,しいる
強さ,つよさ
強ち,あながち
強まる,つよまる
強める,つよめる
強制,きょうせい
強力,きょうりょく
強化,きょうか
強引,ごういん
強張る,こわばる
強情,ごうじょう
強気,つよき
強烈,きょうれつ
強盗,ごうとう
強行,きょうこう
強要,きょうよう
強調,きょうちょう
強請る,ねだる
強風,きょうふう
弾,たま
弾く,はじく
弾く,ひく
弾む,はずむ
弾圧,だんあつ
当たり,あたり
当たり前,あたりまえ
当たる,あたる
当て,あて
当てはまる,あてはまる
当てはめる,あてはめる
当てる,あてる
当事者,とうじしゃ
当人,とうにん
当分,とうぶん
当初,とうしょ
当局,とうきょく
当惑,とうわく
当日,とうじつ
当時,とうじ
当然,とうぜん
当番,とうばん
当選,とうせん
形,かたち
形作る,かたちづくる
形容詞,けいようし
形式,けいしき
形式的,けいしきてき
形成,けいせい
形見,かたみ
彫る,ほる
彫刻,ちょうこく
影,かげ
影響,えいきょう
彷徨う,さまよう
彷徨く,うろつく
役,やく
役に立つ,やくにたつ
役人,やくにん
役割,やくわり
役場,やくば
役所,やくしょ
役目,やくめ
役立つ,やくだつ
役者,やくしゃ
彼,あれ
彼,かれ
彼ら,かれら
彼処,あそこ
彼女,かのじょ
彼奴,あいつ
彼岸,ひがん
彼方,あちら
彼方,あっち
彼方,かなた
彼方此方,あちこち
彼方此方,あちらこちら
彼是,あれこれ
往復,おうふく
往生,おうじょう
征服,せいふく
待ち伏せ,まちぶせ
待ち兼ねる,まちかねる
待ち受ける,まちうける
待ち合わせ,まちあわせ
待ち合わせる,まちあわせる
待ち望む,まちのぞむ
待ち構える,まちかまえる
待ち遠しい,まちどおしい
待つ,まつ
待合室,まちあいしつ
待望,たいぼう
待機,たいき
待遇,たいぐう
後,あと
後,のち
後ろ,うしろ
後ろ向き,うしろむき
後半,こうはん
後回し,あとまわし
後天的,こうてんてき
後始末,あとしまつ
後悔,こうかい
後戻り,あともどり
後援,こうえん
後方,こうほう
後書き,あとがき
後期,こうき
後片付け,あとかたづけ
後者,こうしゃ
後輩,こうはい
徐行,じょこう
徒歩,とほ
従う,したがう
従える,したがえる
従事,じゅうじ
従兄弟,いとこ
従属,じゅうぞく
従来,じゅうらい
従業員,じゅうぎょういん
得,とく
得する,とくする
得る,うる
得る,える
得意,とくい
御中,おんちゅう
御喋り,おしゃべり
御握り,おにぎり
御洒落,おしゃれ
御無沙汰,ごぶさた
御菜,おかず
御負け,おまけ
御輿,みこし
復帰,ふっき
復活,ふっかつ
復習,ふくしゅう
復讐,ふくしゅう
循環,じゅんかん
微か,かすか
微妙,びみょう
微笑,びしょう
徴兵,ちょうへい
徴収,ちょうしゅう
徹する,てっする
徹夜,てつや
徹底,てってい
徹底的,てっていてき
心,こころ
心中,しんじゅう
心中,しんちゅう
心地,ここち
心境,しんきょう
心強い,こころづよい
心当たり,こころあたり
心得,こころえ
心得る,こころえる
心掛け,こころがけ
心掛ける,こころがける
心理,しんり
心細い,こころぼそい
心臓,しんぞう
心身,しんしん
心配,しんぱい
必ず,かならず
必ずしも,かならずしも
必修,ひっしゅう
必死,ひっし
必死に,ひっしに
必然,ひつぜん
必然的,ひつぜんてき
必着,ひっちゃく
必要,ひつよう
必読,ひつどく
必需品,ひつじゅひん
必須,ひっす
忍ぶ,しのぶ
忍耐,にんたい
志,こころざし
志す,こころざす
忘れる,わすれる
忘れ物,わすれもの
忘却,ぼうきゃく
忘年会,ぼうねんかい
忙しい,いそがしい
応じる,おうじる
応ずる,おうずる
応募,おうぼ
応対,おうたい
応接,おうせつ
応援,おうえん
応用,おうよう
応答,おうとう
忠告,ちゅうこく
忠実,ちゅうじつ
快い,こころよい
快晴,かいせい
快楽,かいらく
快速,かいそく
念入り,ねんいり
念力,ねんりき
念頭,ねんとう
念願,ねんがん
忽ち,たちまち
怒り,いかり
怒る,おこる
怒鳴る,どなる
怖い,こわい
怖がる,こわがる
思い,おもい
思いとどまる,おもいとどまる
思い上がる,おもいあがる
思い付き,おもいつき
思い付く,おもいつく
思い出,おもいで
思い出す,おもいだす
思い切り,おもいきり
思い切る,おもいきる
思い当たる,おもいあたる
思い掛けない,おもいがけない
思い直す,おもいなおす
思い込む,おもいこむ
思い遣り,おもいやり
思う,おもう
思う存分,おもうぞんぶん
思わく,おもわく
思わず,おもわず
思想,しそう
思考,しこう
怠い,だるい
怠ける,なまける
怠る,おこたる
怠惰,たいだ
急,きゅう
急かす,せかす
急ぐ,いそぐ
急に,きゅうに
急増,きゅうぞう
急変,きゅうへん
急性,きゅうせい
急所,きゅうしょ
急激,きゅうげき
急用,きゅうよう
急病,きゅうびょう
急行,きゅうこう
急速,きゅうそく
急遽,きゅうきょ
性,せい
性別,せいべつ
性急,せいきゅう
性格,せいかく
性的,せいてき
性能,せいのう
性質,せいしつ
怪しい,あやしい
怪しむ,あやしむ
怪奇,かいき
怪我,けが
恋,こい
恋しい,こいしい
恋する,こいする
恋人,こいびと
恋愛,れんあい
恐らく,おそらく
恐る恐る,おそるおそる
恐れ,おそれ
恐れる,おそれる
恐ろしい,おそろしい
恐怖,きょうふ
恐慌,きょうこう
恐縮,きょうしゅく
恒久,こうきゅう
恒例,こうれい
恥,はじ
恥さらし,はじさらし
恥じる,はじる
恥ずかしい,はずかしい
恥知らず,はじしらず
恨み,うらみ
恨む,うらむ
恩,おん
恩人,おんじん
恩恵,おんけい
恩知らず,おんしらず
恩返し,おんがえし
息,いき
息切れ,いきぎれ
息子,むすこ
恵まれる,めぐまれる
恵む,めぐむ
悉く,ことごとく
悔い,くい
悔しい,くやしい
悟る,さとる
悠々,ゆうゆう
患う,わずらう
患者,かんじゃ
悩み,なやみ
悩む,なやむ
悪,あく
悪い,わるい
悪しからず,あしからず
悪事,あくじ
悪人,あくにん
悪化,あっか
悪口,あっこう
悪口,わるくち
悪夢,あくむ
悪女,あくじょ
悪寒,おかん
悪循環,あくじゅんかん
悪意,あくい
悪戯,いたずら
悪気,わるぎ
悪用,あくよう
悪者,わるもの
悪賢い,わるがしこい
悪質,あくしつ
悪魔,あくま
悲しい,かなしい
悲しみ,かなしみ
悲しむ,かなしむ
悲劇,ひげき
悲惨,ひさん
悲観,ひかん
悲観的,ひかんてき
悲鳴,ひめい
悼む,いたむ
情,じょう
情け,なさけ
情けない,なさけない
情け深い,なさけぶかい
情勢,じょうせい
情報,じょうほう
情熱,じょうねつ
情緒,じょうちょ
惑わす,まどわす
惚け,ぼけ
惚ける,とぼける
惚ける,ぼける
惚れる,ほれる
惜しい,おしい
惜しむ,おしむ
惨め,みじめ
想像,そうぞう
想定,そうてい
愉快,ゆかい
意,い
意向,いこう
意味,いみ
意図,いと
意地,いじ
意地悪,いじわる
意外,いがい
意志,いし
意欲,いよく
意気地,いくじ
意義,いぎ
意見,いけん
意識,いしき
愚か,おろか
愚図愚図,ぐずぐず
愚痴,ぐち
愛,あい
愛しい,いとしい
愛する,あいする
愛情,あいじょう
愛想,あいそう
愛用,あいよう
愛着,あいちゃく
愛読,あいどく
感じ,かんじ
感じる,かんじる
感ずる,かんずる
感動,かんどう
感化,かんか
感受性,かんじゅせい
感嘆,かんたん
感心,かんしん
感情,かんじょう
感想,かんそう
感染,かんせん
感激,かんげき
感覚,かんかく
感触,かんしょく
感謝,かんしゃ
感銘,かんめい
慈善,じぜん
慈悲,じひ
態々,わざわざ
態と,わざと
態勢,たいせい
態度,たいど
慌ただしい,あわただしい
慌てる,あわてる
慎む,つつしむ
慎重,しんちょう
慕う,したう
慢性,まんせい
慣らす,ならす
慣れ,なれ
慣れる,なれる
慣用句,かんようく
慣習,かんしゅう
慰める,なぐさめる
憂鬱,ゆううつ
憎い,にくい
憎しみ,にくしみ
憎む,にくむ
憎らしい,にくらしい
憎悪,ぞうお
憤慨,ふんがい
憧れ,あこがれ
憧れる,あこがれる
憩い,いこい
憲法,けんぽう
懐,ふところ
懐かしい,なつかしい
懐疑,かいぎ
懲りる,こりる
懲役,ちょうえき
懸かる,かかる
懸念,けねん
懸賞,けんしょう
成し遂げる,なしとげる
成り立つ,なりたつ
成り行き,なりゆき
成る可く,なるべく
成る程,なるほど
成人,せいじん
成分,せいぶん
成功,せいこう
成年,せいねん
成果,せいか
成熟,せいじゅく
成立,せいりつ
成算,せいさん
成績,せいせき
成長,せいちょう
我々,われわれ
我が侭,わがまま
我が国,わがくに
我が家,わがや
我慢,がまん
戒め,いましめ
戒める,いましめる
戦い,たたかい
戦う,たたかう
戦争,せんそう
戦前,せんぜん
戦場,せんじょう
戦後,せんご
戦死,せんし
戦災,せんさい
戦車,せんしゃ
戦闘,せんとう
戯れる,たわむれる
戯曲,ぎきょく
戸,と
戸惑う,とまどう
戸棚,とだな
戸籍,こせき
戸締まり,とじまり
戻す,もどす
戻る,もどる
房,ふさ
所,ところ
所々,ところどころ
所属,しょぞく
所得,しょとく
所有,しょゆう
所為,せい
扇ぐ,あおぐ
扇子,せんす
扇風機,せんぷうき
扉,とびら
手,て
手の平,てのひら
手伝い,てつだい
手伝う,てつだう
手元,てもと
手入れ,ていれ
手分け,てわけ
手前,てまえ
手古摺る,てこずる
手品,てじな
手帳,てちょう
手引き,てびき
手当て,てあて
手形,てがた
手応え,てごたえ
手拭い,てぬぐい
手振り,てぶり
手掛かり,てがかり
手探り,てさぐり
手摺り,てすり
手数,てすう
手本,てほん
手柄,てがら
手段,しゅだん
手洗い,てあらい
手紙,てがみ
手続き,てつづき
手落ち,ておち
手術,しゅじゅつ
手袋,てぶくろ
手足,てあし
手軽,てがる
手遅れ,ておくれ
手配,てはい
手錠,てじょう
手間,てま
手際,てぎわ
手際良く,てぎわよく
手順,てじゅん
手首,てくび
才能,さいのう
打ち上げる,うちあげる
打ち合わせ,うちあわせ
打ち合わせる,うちあわせる
打ち明ける,うちあける
打ち消す,うちけす
打ち込む,うちこむ
打つ,うつ
打つ,ぶつ
打つかる,ぶつかる
打付ける,ぶつける
打撃,だげき
打撲,だぼく
打算的,ださんてき
払い,はらい
払い戻す,はらいもどす
払い込む,はらいこむ
払う,はらう
扱う,あつかう
扶助,ふじょ
扶養,ふよう
批判,ひはん
批評,ひひょう
承る,うけたまわる
承知,しょうち
承認,しょうにん
承諾,しょうだく
技,わざ
技師,ぎし
技能,ぎのう
技術,ぎじゅつ
抑える,おさえる
抑制,よくせい
抑圧,よくあつ
抑揚,よくよう
抑止,よくし
投げる,なげる
投じる,とうじる
投射,とうしゃ
投影,とうえい
投書,とうしょ
投票,とうひょう
投稿,とうこう
投資,とうし
抗議,こうぎ
折,おり
折り畳み,おりたたみ
折り返し,おりかえし
折り返す,おりかえす
折る,おる
折れる,おれる
折紙,おりがみ
折衷,せっちゅう
折角,せっかく
抜かす,ぬかす
抜く,ぬく
抜ける,ぬける
抜け出す,ぬけだす
抜粋,ばっすい
抜群,ばつぐん
択一,たくいつ
披露宴,ひろうえん
抱える,かかえる
抱く,いだく
抱く,だく
抱っこ,だっこ
抵抗,ていこう
抹消,まっしょう
押さえる,おさえる
押し付ける,おしつける
押し入れ,おしいれ
押し問答,おしもんどう
押し売り,おしうり
押す,おす
抽象的,ちゅうしょうてき
抽選,ちゅうせん
担う,になう
担ぐ,かつぐ
担任,たんにん
担保,たんぽ
担当,たんとう
担架,たんか
拍子,ひょうし
拍手,はくしゅ
拒む,こばむ
拒否,きょひ
拒絶,きょぜつ
拘る,こだわる
拘束,こうそく
招く,まねく
招待,しょうたい
拝む,おがむ
拝見,はいけん
拡大,かくだい
拡張,かくちょう
括る,くくる
括弧,かっこ
拭う,ぬぐう
拭く,ふく
拳骨,げんこつ
拵える,こしらえる
拾う,ひろう
拾得,しゅうとく
持ち,もち
持ち主,もちぬし
持ち堪える,もちこたえる
持ち物,もちもの
持ち直す,もちなおす
持ち込む,もちこむ
持って来る,もってくる
持って行く,もっていく
持つ,もつ
持てる,もてる
持て成し,もてなし
持て成す,もてなす
持参,じさん
持続,じぞく
指,ゆび
指す,さす
指切り,ゆびきり
指図,さしず
指定,してい
指導,しどう
指差す,ゆびさす
指揮,しき
指摘,してき
指示,しじ
指紋,しもん
指輪,ゆびわ
挑戦,ちょうせん
挙げる,あげる
挙げ句,あげく
挟む,はさむ
挨拶,あいさつ
振り,ふり
振り仮名,ふりがな
振り向く,ふりむく
振り返る,ふりかえる
振る,ふる
振る舞う,ふるまう
振動,しんどう
振興,しんこう
挽肉,ひきにく
挿入,そうにゅう
捕まえる,つかまえる
捕まる,つかまる
捕らえる,とらえる
捕らわれる,とらわれる
捕虜,ほりょ
捗る,はかどる
捜す,さがす
捜査,そうさ
捜索,そうさく
捧げる,ささげる
捨てる,すてる
据える,すえる
据え置き,すえおき
捲る,まくる
捲る,めくる
捻じる,ねじる
捻じれる,ねじれる
捻子,ねじ
捻挫,ねんざ
掃く,はく
掃除,そうじ
掃除機,そうじき
授ける,さずける
授業,じゅぎょう
掏摸,すり
排他主義,はいたしゅぎ
排斥,はいせき
排日,はいにち
排気ガス,はいきがす
排水,はいすい
排除,はいじょ
掘る,ほる
掛かる,かかる
掛ける,かける
掛け算,かけざん
掟,おきて
採る,とる
採取,さいしゅ
採決,さいけつ
採点,さいてん
採用,さいよう
採算,さいさん
採集,さいしゅう
探す,さがす
探る,さぐる
探検,たんけん
探究,たんきゅう
接する,せっする
接待,せったい
接続,せつぞく
接触,せっしょく
接近,せっきん
控える,ひかえる
控え室,ひかえしつ
控訴,こうそ
推敲,すいこう
推測,すいそく
推理,すいり
推薦,すいせん
推進,すいしん
推量,すいりょう
措置,そち
掬う,すくう
掲げる,かかげる
掲示,けいじ
掲示板,けいじばん
掲載,けいさい
掴まる,つかまる
掴む,つかむ
掻き回す,かきまわす
掻く,かく
揃う,そろう
揃える,そろえる
揉む,もむ
揉める,もめる
描く,えがく
描写,びょうしゃ
提供,ていきょう
提出,ていしゅつ
提携,ていけい
提案,ていあん
提起,ていき
揚げる,あげる
換える,かえる
換気,かんき
換気扇,かんきせん
換算,かんさん
握り寿司,にぎりずし
握り締める,にぎりしめる
握る,にぎる
握力,あくりょく
握手,あくしゅ
援助,えんじょ
揶揄う,からかう
揺らぐ,ゆらぐ
揺ら揺ら,ゆらゆら
揺りかご,ゆりかご
揺るがす,ゆるがす
揺れる,ゆれる
損,そん
損する,そんする
損なう,そこなう
損ねる,そこねる
損失,そんしつ
損害,そんがい
損得,そんとく
損益,そんえき
搭乗,とうじょう
携える,たずさえる
携わる,たずさわる
携帯,けいたい
携帯電話,けいたいでんわ
搾取,さくしゅ
摂氏,せっし
摘む,つむ
摘発,てきはつ
摩る,さする
摩擦,まさつ
撃つ,うつ
撒く,まく
撤回,てっかい
撫でる,なでる
撮る,とる
撮影,さつえい
撲滅,ぼくめつ
擁護,ようご
操る,あやつる
操作,そうさ
操縦,そうじゅう
擦る,こする
擦る,する
擦れ擦れ,すれすれ
擬装,ぎそう
擽る,くすぐる
支える,ささえる
支える,つかえる
支出,ししゅつ
支局,しきょく
支店,してん
支度,したく
支払い,しはらい
支払う,しはらう
支持,しじ
支援,しえん
支社,ししゃ
支配,しはい
改まる,あらたまる
改めて,あらためて
改める,あらためる
改善,かいぜん
改札,かいさつ
改札口,かいさつぐち
改正,かいせい
改築,かいちく
改良,かいりょう
改造,かいぞう
改革,かいかく
攻める,せめる
攻撃,こうげき
放す,はなす
放つ,はなつ
放る,ほうる
放れる,はなれる
放任,ほうにん
放射能,ほうしゃのう
放棄,ほうき
放火,ほうか
放置,ほうち
放送,ほうそう
政党,せいとう
政局,せいきょく
政府,せいふ
政権,せいけん
政治,せいじ
政治家,せいじか
政界,せいかい
政策,せいさく
故事,こじ
故意,こい
故郷,こきょう
故障,こしょう
敏感,びんかん
救い,すくい
救う,すくう
救助,きゅうじょ
救急車,きゅうきゅうしゃ
救援,きゅうえん
救済,きゅうさい
敗れる,やぶれる
敗北,はいぼく
敗戦,はいせん
教え,おしえ
教える,おしえる
教わる,おそわる
教会,きょうかい
教員,きょういん
教室,きょうしつ
教師,きょうし
教授,きょうじゅ
教科書,きょうかしょ
教育,きょういく
教訓,きょうくん
教諭,きょうゆ
教養,きょうよう
敢えて,あえて
散々,さんざん
散らかす,ちらかす
散らかる,ちらかる
散らし,ちらし
散らす,ちらす
散らばる,ちらばる
散る,ちる
散歩,さんぽ
散蒔く,ばらまく
散髪,さんぱつ
敬う,うやまう
敬意,けいい
敬老,けいろう
敬語,けいご
敬遠,けいえん
数,かず
数える,かぞえる
数値,すうち
数字,すうじ
数学,すうがく
数量,すうりょう
整う,ととのう
整える,ととのえる
整備,せいび
整列,せいれつ
整数,せいすう
整理,せいり
整頓,せいとん
敵,てき
敵対,てきたい
敷く,しく
敷地,しきち
敷居,しきい
敷布団,しきぶとん
敷金,しききん
文,ぶん
文体,ぶんたい
文化,ぶんか
文化的,ぶんかてき
文化財,ぶんかざい
文句,もんく
文字,もじ
文字通り,もじどおり
文学,ぶんがく
文学者,ぶんがくしゃ
文庫,ぶんこ
文房具,ぶんぼうぐ
文明,ぶんめい
文書,ぶんしょ
文法,ぶんぽう
文献,ぶんけん
文科,ぶんか
文章,ぶんしょう
文系,ぶんけい
文脈,ぶんみゃく
文芸,ぶんげい
文語,ぶんご
文通,ぶんつう
料理,りょうり
料金,りょうきん
斜め,ななめ
斜面,しゃめん
斡旋,あっせん
断じて,だんじて
断つ,たつ
断る,ことわる
断定,だんてい
断念,だんねん
断水,だんすい
断然,だんぜん
断片,だんぺん
断絶,だんぜつ
新しい,あたらしい
新た,あらた
新人,しんじん
新刊,しんかん
新婚,しんこん
新学期,しんがっき
新年,しんねん
新幹線,しんかんせん
新築,しんちく
新米,しんまい
新聞,しんぶん
新聞社,しんぶんしゃ
新興,しんこう
新規,しんき
新鮮,しんせん
方,かた
方,ほう
方々,かたがた
方々,ほうぼう
方位,ほうい
方向,ほうこう
方法,ほうほう
方程式,ほうていしき
方角,ほうがく
方言,ほうげん
方針,ほうしん
方面,ほうめん
施す,ほどこす
施行,しこう
施設,しせつ
旁,つくり
旅,たび
旅券,りょけん
旅客,りょかく
旅客機,りょかくき
旅立つ,たびだつ
旅行,りょこう
旅費,りょひ
旅館,りょかん
旋律,せんりつ
旗,はた
既に,すでに
既成,きせい
既製,きせい
日,にち
日,ひ
日々,ひび
日に日に,ひにひに
日の丸,ひのまる
日の入り,ひのいり
日の出,ひので
日ソ,にっそ
日中,にっちゅう
日付け,ひづけ
日光,にっこう
日光浴,にっこうよく
日刊,にっかん
日向,ひなた
日和,ひより
日増しに,ひましに
日差し,ひざし
日帰り,ひがえり
日常,にちじょう
日当たり,ひあたり
日数,にっすう
日日,ひにち
日時,にちじ
日暮れ,ひぐれ
日曜日,にちようび
日替わり,ひがわり
日本酒,にほんしゅ
日焼け,ひやけ
日用品,にちようひん
日程,にってい
日米,にちべい
日給,にっきゅう
日記,にっき
日誌,にっし
日課,にっか
日陰,ひかげ
日韓,にっかん
日頃,ひごろ
日食,にっしょく
旦那,だんな
旧,きゅう
旧式,きゅうしき
早い,はやい
早く,はやく
早まる,はやまる
早める,はやめる
早口,はやくち
早寝,はやね
早引き,はやびき
早春,そうしゅん
早朝,そうちょう
早期,そうき
早熟,そうじゅく
早起き,はやおき
早退,そうたい
早速,さっそく
昆虫,こんちゅう
昇る,のぼる
昇進,しょうしん
明々後日,しあさって
明かす,あかす
明かり,あかり
明くる日,あくるひ
明ける,あける
明け方,あけがた
明らか,あきらか
明るい,あかるい
明年,みょうねん
明後日,あさって
明後日,みょうごにち
明日,あした
明日,あす
明日,みょうにち
明晩,みょうばん
明暗,めいあん
明朗,めいろう
明朝,みょうちょう
明治,めいじ
明白,めいはく
明瞭,めいりょう
明確,めいかく
明細,めいさい
明記,めいき
易しい,やさしい
昔,むかし
昔話,むかしばなし
星,ほし
星座,せいざ
映える,はえる
映す,うつす
映る,うつる
映像,えいぞう
映画,えいが
映画館,えいがかん
春,はる
春分,しゅんぶん
春夏秋冬,しゅんかしゅうとう
昨夜,さくや
昨夜,ゆうべ
昨年,さくねん
昨日,きのう
昨日,さくじつ
昨晩,さくばん
昭和,しょうわ
是正,ぜせい
是非,ぜひ
是非とも,ぜひとも
昼,ひる
昼下がり,ひるさがり
昼休み,ひるやすみ
昼前,ひるまえ
昼夜,ちゅうや
昼寝,ひるね
昼過ぎ,ひるすぎ
昼間,ひるま
昼食,ちゅうしょく
時,とき
時々,ときどき
時には,ときには
時代,じだい
時刻,じこく
時効,じこう
時報,じほう
時差,じさ
時折,ときおり
時期,じき
時機,じき
時給,じきゅう
時計,とけい
時速,じそく
時間,じかん
時間割り,じかんわり
時雨,しぐれ
晒す,さらす
晩,ばん
晩年,ばんねん
普及,ふきゅう
普段,ふだん
普段着,ふだんぎ
普通,ふつう
普遍,ふへん
景気,けいき
景色,けしき
晴れ,はれ
晴れる,はれる
晴天,せいてん
暇,ひま
暇潰し,ひまつぶし
暈ける,ぼける
暈す,ぼかす
暑い,あつい
暑さ,あつさ
暑中見舞い,しょちゅうみまい
暖か,あたたか
暖かい,あたたかい
暖まる,あたたまる
暖める,あたためる
暖房,だんぼう
暖気,のんき
暖簾,のれん
暗い,くらい
暗殺,あんさつ
暗示,あんじ
暗記,あんき
暗闇,くらやみ
暗黙,あんもく
暦,こよみ
暫く,しばらく
暫定,ざんてい
暮らし,くらし
暮らす,くらす
暮れ,くれ
暮れる,くれる
暴れる,あばれる
暴力,ぼうりょく
暴動,ぼうどう
暴落,ぼうらく
暴露,ばくろ
暴風雨,ぼうふうう
暴騰,ぼうとう
曇り,くもり
曇る,くもる
曖昧,あいまい
曜日,ようび
曲,きょく
曲がり角,まがりかど
曲がる,まがる
曲げる,まげる
曲線,きょくせん
更ける,ふける
更に,さらに
更新,こうしん
更衣室,こういしつ
書き初め,かきぞめ
書き取る,かきとる
書き方,かきかた
書き直す,かきなおす
書き言葉,かきことば
書く,かく
書店,しょてん
書斎,しょさい
書物,しょもつ
書留,かきとめ
書籍,しょせき
書記,しょき
書道,しょどう
書類,しょるい
曾て,かつて
最も,もっとも
最上,さいじょう
最中,さいちゅう
最低,さいてい
最先端,さいせんたん
最初,さいしょ
最大,さいだい
最大限,さいだいげん
最小,さいしょう
最小限,さいしょうげん
最強,さいきょう
最後,さいご
最悪,さいあく
最早,もはや
最期,さいご
最終,さいしゅう
最近,さいきん
最適,さいてき
最高,さいこう
月,つき
月並み,つきなみ
月光,げっこう
月刊,げっかん
月初め,つきはじめ
月夜,つきよ
月日,がっぴ
月日,つきひ
月曜日,げつようび
月末,げつまつ
月給,げっきゅう
月見,つきみ
月謝,げっしゃ
月賦,げっぷ
月食,げっしょく
有する,ゆうする
有りのまま,ありのまま
有り合わせ,ありあわせ
有り様,ありさま
有り難い,ありがたい
有る,ある
有利,ゆうり
有力,ゆうりょく
有効,ゆうこう
有名,ゆうめい
有害,ゆうがい
有意義,ゆういぎ
有料,ゆうりょう
有望,ゆうぼう
有権者,ゆうけんしゃ
有機物,ゆうきぶつ
有毒,ゆうどく
有無,うむ
有益,ゆうえき
有罪,ゆうざい
有耶無耶,うやむや
有能,ゆうのう
有限,ゆうげん
有頂天,うちょうてん
服,ふく
服従,ふくじゅう
服用,ふくよう
服装,ふくそう
服飾,ふくしょく
朗らか,ほがらか
朗読,ろうどく
望ましい,のぞましい
望み,のぞみ
望む,のぞむ
望遠鏡,ぼうえんきょう
朝,あさ
朝ご飯,あさごはん
朝刊,ちょうかん
朝日,あさひ
朝礼,ちょうれい
朝顔,あさがお
朝食,ちょうしょく
朝飯,あさめし
期待,きたい
期日,きじつ
期末,きまつ
期間,きかん
期限,きげん
木,き
木の葉,このは
木曜日,もくようび
木材,もくざい
木枯らし,こがらし
木綿,もめん
木造,もくぞう
未だ,まだ
未婚,みこん
未定,みてい
未成年,みせいねん
未明,みめい
未来,みらい
未然,みぜん
未熟,みじゅく
未知,みち
未納,みのう
未練,みれん
未遂,みすい
未開,みかい
末,すえ
末,まつ
末っ子,すえっこ
末日,まつじつ
末期,まっき
末期的,まっきてき
末端,まったん
本,ほん
本人,ほんにん
本体,ほんたい
本名,ほんみょう
本国,ほんごく
本場,ほんば
本屋,ほんや
本年,ほんねん
本店,ほんてん
本当,ほんとう
本当に,ほんとうに
本心,ほんしん
本文,ほんぶん
本日,ほんじつ
本来,ほんらい
本格的,ほんかくてき
本棚,ほんだな
本気,ほんき
本物,ほんもの
本番,ほんばん
本社,ほんしゃ
本箱,ほんばこ
本線,ほんせん
本能,ほんのう
本質,ほんしつ
本部,ほんぶ
本音,ほんね
札,さつ
札,ふだ
机,つくえ
杉,すぎ
材料,ざいりょう
材木,ざいもく
村,むら
杖,つえ
杜撰,ずさん
束,たば
束ねる,たばねる
束の間,つかのま
束縛,そくばく
条件,じょうけん
条例,じょうれい
条約,じょうやく
来る,くる
来客,らいきゃく
来年,らいねん
来日,らいにち
来月,らいげつ
来週,らいしゅう
杯,さかずき
東,ひがし
東欧,とうおう
東洋,とうよう
東西,とうざい
東部,とうぶ
松,まつ
板,いた
枕,まくら
林,はやし
林業,りんぎょう
林檎,りんご
枚数,まいすう
果たして,はたして
果たす,はたす
果てしない,はてしない
果実,かじつ
果物,くだもの
枝,えだ
枠,わく
枯れる,かれる
枯れ木,かれき
枯れ葉,かれは
架空,かくう
柄,え
柄,がら
染まる,そまる
染み,しみ
染みる,しみる
染める,そめる
染色,せんしょく
柔らか,やわらか
柔らかい,やわらかい
柔軟,じゅうなん
柔道,じゅうどう
柱,はしら
柿,かき
栄える,さかえる
栄光,えいこう
栄養,えいよう
栓,せん
栓抜き,せんぬき
栗,くり
校則,こうそく
校庭,こうてい
校舎,こうしゃ
校長,こうちょう
株,かぶ
株主,かぶぬし
株式,かぶしき
核,かく
核兵器,かくへいき
核心,かくしん
根,ね
根っ子,ねっこ
根元,ねもと
根回し,ねまわし
根性,こんじょう
根拠,こんきょ
根掘り葉掘り,ねほりはほり
根本,こんぽん
根気,こんき
格,かく
格別,かくべつ
格好,かっこう
格子,こうし
格差,かくさ
格闘,かくとう
栽培,さいばい
桁,けた
桃,もも
案,あん
案の定,あんのじょう
案内,あんない
案外,あんがい
桜,さくら
桶,おけ
梅,うめ
梅干し,うめぼし
梅雨,つゆ
梅雨,ばいう
梅雨入り,つゆいり
梅雨明け,つゆあけ
梯子,はしご
棄却,ききゃく
棄権,きけん
棒,ぼう
棘,とげ
棚,たな
森,もり
森林,しんりん
椀,わん
椀ぐ,もぐ
椅子,いす
植える,うえる
植木,うえき
植民地,しょくみんち
植物,しょくぶつ
植物園,しょくぶつえん
検事,けんじ
検定,けんてい
検察,けんさつ
検査,けんさ
検索,けんさく
検討,けんとう
検証,けんしょう
検閲,けんえつ
楕円形,だえんけい
業界,ぎょうかい
業績,ぎょうせき
業者,ぎょうしゃ
楯突く,たてつく
極,ごく
極めて,きわめて
極楽,ごくらく
極秘,ごくひ
極端,きょくたん
極限,きょくげん
楷書,かいしょ
楽,らく
楽しい,たのしい
楽しみ,たのしみ
楽しむ,たのしむ
楽器,がっき
楽天的,らくてんてき
楽観的,らっかんてき
楽譜,がくふ
概念,がいねん
概論,がいろん
構う,かまう
構える,かまえる
構想,こうそう
構成,こうせい
構造,こうぞう
様,さま
様々,さまざま
様子,ようす
様式,ようしき
様相,ようそう
標本,ひょうほん
標準,ひょうじゅん
標語,ひょうご
標識,ひょうしき
模倣,もほう
模型,もけい
模擬試験,もぎしけん
模様,もよう
模範,もはん
権利,けんり
権力,けんりょく
権威,けんい
権限,けんげん
横,よこ
横たわる,よこたわる
横切る,よこぎる
横取り,よこどり
横文字,よこもじ
横断,おうだん
横断歩道,おうだんほどう
横書き,よこがき
横着,おうちゃく
横綱,よこづな
横道,よこみち
横顔,よこがお
樹木,じゅもく
樽,たる
橋,はし
橙色,だいだいいろ
機会,きかい
機体,きたい
機動隊,きどうたい
機嫌,きげん
機敏,きびん
機械,きかい
機構,きこう
機能,きのう
機長,きちょう
機関,きかん
機関車,きかんしゃ
檻,おり
櫛,くし
欄,らん
欠く,かく
欠けら,かけら
欠ける,かける
欠伸,あくび
欠如,けつじょ
欠席,けっせき
欠点,けってん
欠陥,けっかん
次,つぎ
次々に,つぎつぎに
次ぐ,つぐ
次元,じげん
次回,じかい
次女,じじょ
次男,じなん
次第,しだい
次第に,しだいに
欧米,おうべい
欲,よく
欲しい,ほしい
欲しがる,ほしがる
欲する,ほっする
欲張り,よくばり
欲望,よくぼう
欲求,よっきゅう
欲深,よくぶか
欲深い,よくぶかい
欺く,あざむく
歌,うた
歌う,うたう
歌声,うたごえ
歌手,かしゅ
歌留多,かるた
歌舞伎,かぶき
歌謡曲,かようきょく
歓迎,かんげい
止す<br>,よす
止まる,とまる
止む,やむ
止めどなく,とめどなく
止める,とめる
止める,やめる
正,せい
正しい,ただしい
正す,ただす
正に,まさに
正体,しょうたい
正午,しょうご
正常,せいじょう
正座,せいざ
正式,せいしき
正当,せいとう
正方形,せいほうけい
正月,しょうがつ
正直,しょうじき
正確,せいかく
正義,せいぎ
正装,せいそう
正規,せいき
正解,せいかい
正門,せいもん
正面,しょうめん
正面,まとも
此方,こちら
此方,こっち
武力,ぶりょく
武器,ぶき
武士,ぶし
武装,ぶそう
歩く,あるく
歩み寄る,あゆみよる
歩む,あゆむ
歩合,ぶあい
歩行者,ほこうしゃ
歩行者天国,ほこうしゃてんごく
歩調,ほちょう
歩道,ほどう
歪む,ゆがむ
歯,は
歯ブラシ,はぶらし
歯医者,はいしゃ
歯向かう,はむかう
歯止め,はどめ
歯痒い,はがゆい
歯磨き,はみがき
歯科,しか
歯車,はぐるま
歳月,さいげつ
歳末,さいまつ
歴史,れきし
歴史的,れきしてき
歴然と,れきぜんと
死,し
死ぬ,しぬ
死亡,しぼう
死人,しにん
死体,したい
死刑,しけい
死去,しきょ
死者,ししゃ
殆ど,ほとんど
殊に,ことに
残す,のこす
残らず,のこらず
残り,のこり
残る,のこる
残念,ざんねん
残暑,ざんしょ
残業,ざんぎょう
残酷,ざんこく
残高,ざんだか
殴る,なぐる
段,だん
段々,だんだん
段取り,だんどり
段落,だんらく
段階,だんかい
殺す,ころす
殺人,さつじん
殺到,さっとう
殺気,さっき
殻,から
母,はは
母国語,ぼこくご
母親,ははおや
毎年,まいとし
毎年,まいねん
毎度,まいど
毎日,まいにち
毎晩,まいばん
毎月,まいつき
毎朝,まいあさ
毎週,まいしゅう
毒,どく
毒薬,どくやく
比,ひ
比べる,くらべる
比例,ひれい
比喩,ひゆ
比率,ひりつ
比較,ひかく
比較的,ひかくてき
毛,け
毛布,もうふ
毛皮,けがわ
毛糸,けいと
氏,し
氏名,しめい
民主,みんしゅ
民俗,みんぞく
民族,みんぞく
民法,みんぽう
民衆,みんしゅう
民話,みんわ
民謡,みんよう
民間,みんかん
気,き
気に入る,きにいる
気の毒,きのどく
気まぐれ,きまぐれ
気まま,きまま
気を付ける,きをつける
気付く,きづく
気体,きたい
気候,きこう
気兼ね,きがね
気分,きぶん
気前,きまえ
気力,きりょく
気取る,きどる
気味,きみ
気圧,きあつ
気心,きごころ
気性,きしょう
気持ち,きもち
気掛かり,きがかり
気楽,きらく
気温,きおん
気絶,きぜつ
気象,きしょう
気質,きしつ
気軽,きがる
気違い,きちがい
気配,けはい
気配り,きくばり
気障,きざ
気難しい,きむずかしい
水,みず
水中,すいちゅう
水入らず,みずいらず
水分,すいぶん
水力,すいりょく
水増し,みずまし
水害,すいがい
水平,すいへい
水平線,すいへいせん
水族館,すいぞくかん
水曜日,すいようび
水泳,すいえい
水洗,すいせん
水準,すいじゅん
水滴,すいてき
水爆,すいばく
水瓜,すいか
水産,すいさん
水田,すいでん
水着,みずぎ
水筒,すいとう
水素,すいそ
水臭い,みずくさい
水色,みずいろ
水蒸気,すいじょうき
水道,すいどう
水面,すいめん
氷,こおり
氷山,ひょうざん
永久,えいきゅう
永遠,えいえん
氾濫,はんらん
汁,しる
求める,もとめる
求人,きゅうじん
汗,あせ
汚い,きたない
汚す,よごす
汚れ,よごれ
汚れる,よごれる
汚染,おせん
汚職,おしょく
池,いけ
汲み取る,くみとる
汲む,くむ
決して,けっして
決まり,きまり
決まる,きまる
決める,きめる
決め付ける,きめつける
決勝,けっしょう
決定,けってい
決心,けっしん
決意,けつい
決断,けつだん
決算,けっさん
決議,けつぎ
汽笛,きてき
汽船,きせん
汽車,きしゃ
沈む,しずむ
沈める,しずめる
沈没,ちんぼつ
沈黙,ちんもく
沖,おき
没落,ぼつらく
没頭,ぼっとう
沢山,たくさん
河口,かこう
河川,かせん
沸かす,わかす
沸く,わく
沸騰,ふっとう
油,あぶら
油断,ゆだん
油田,ゆでん
油絵,あぶらえ
治す,なおす
治まる,おさまる
治める,おさめる
治る,なおる
治安,ちあん
治療,ちりょう
沼,ぬま
沿う,そう
沿岸,えんがん
沿線,えんせん
況して,まして
泉,いずみ
泊まる,とまる
泊める,とめる
法,ほう
法人,ほうじん
法令,ほうれい
法則,ほうそく
法務,ほうむ
法学,ほうがく
法学部,ほうがくぶ
法度,はっと
法廷,ほうてい
法律,ほうりつ
法的,ほうてき
法規,ほうき
泡,あわ
波,なみ
波乱,はらん
波長,はちょう
泣き声,なきごえ
泣き顔,なきがお
泣く,なく
泥,どろ
泥棒,どろぼう
注,ちゅう
注ぐ,そそぐ
注ぐ,つぐ
注す,さす
注射,ちゅうしゃ
注意,ちゅうい
注意深い,ちゅういぶかい
注文,ちゅうもん
注目,ちゅうもく
泳ぐ,およぐ
洋室,ようしつ
洋式,ようしき
洋書,ようしょ
洋服,ようふく
洋画,ようが
洋裁,ようさい
洋酒,ようしゅ
洋間,ようま
洋風,ようふう
洋食,ようしょく
洒落,しゃれ
洒落る,しゃれる
洗い物,あらいもの
洗う,あらう
洗剤,せんざい
洗濯,せんたく
洗濯機,せんたくき
洗練,せんれん
洗面,せんめん
洗面器,せんめんき
洗面所,せんめんじょ
洞察,どうさつ
津波,つなみ
洪水,こうずい
活力,かつりょく
活動,かつどう
活字,かつじ
活気,かっき
活用,かつよう
活発,かっぱつ
活躍,かつやく
派出所,はしゅつじょ
派手,はで
派生,はせい
派遣,はけん
派閥,はばつ
流し,ながし
流す,ながす
流れ,ながれ
流れる,ながれる
流暢,りゅうちょう
流石,さすが
流行,はやり
流行,りゅうこう
流行る,はやる
流行歌,りゅうこうか
流通,りゅうつう
浅い,あさい
浅はか,あさはか
浚う,さらう
浜,はま
浜辺,はまべ
浪人,ろうにん
浪費,ろうひ
浮かぶ,うかぶ
浮かべる,うかべる
浮かれる,うかれる
浮き浮き,うきうき
浮く,うく
浮気,うわき
浮浪者,ふろうしゃ
浴びせる,あびせる
浴びる,あびる
浴室,よくしつ
浴槽,よくそう
浴衣,ゆかた
海,うみ
海上,かいじょう
海外,かいがい
海岸,かいがん
海峡,かいきょう
海底,かいてい
海抜,かいばつ
海水,かいすい
海水浴,かいすいよく
海洋,かいよう
海流,かいりゅう
海産物,かいさんぶつ
海老,えび
海苔,のり
海藻,かいそう
海軍,かいぐん
海辺,うみべ
海面,かいめん
浸す,ひたす
浸る,ひたる
消える,きえる
消しゴム,けしごむ
消す,けす
消化,しょうか
消印,けしいん
消息,しょうそく
消極的,しょうきょくてき
消毒,しょうどく
消滅,しょうめつ
消火,しょうか
消火器,しょうかき
消灯,しょうとう
消耗,しょうもう
消費,しょうひ
消費者,しょうひしゃ
消防,しょうぼう
消防署,しょうぼうしょ
消防車,しょうぼうしゃ
涎,よだれ
涙,なみだ
液,えき
液体,えきたい
涼しい,すずしい
涼む,すずむ
淑やか,しとやか
深い,ふかい
深さ,ふかさ
深まる,ふかまる
深み,ふかみ
深める,ふかめる
深刻,しんこく
混ざる,まざる
混じる,まじる
混ぜる,まぜる
混乱,こんらん
混同,こんどう
混血,こんけつ
混迷,こんめい
混雑,こんざつ
添える,そえる
添付,てんぷ
添削,てんさく
添加,てんか
清々しい,すがすがしい
清い,きよい
清らか,きよらか
清掃,せいそう
清書,せいしょ
清潔,せいけつ
清算,せいさん
渇く,かわく
済ます,すます
済ませる,すませる
済む,すむ
渋い,しぶい
渋る,しぶる
渋滞,じゅうたい
渚,なぎさ
減らす,へらす
減る,へる
減少,げんしょう
減点,げんてん
減速,げんそく
渡す,わたす
渡る,わたる
渦巻き,うずまき
温い,ぬるい
温もり,ぬくもり
温和,おんわ
温室,おんしつ
温帯,おんたい
温度,おんど
温暖,おんだん
温泉,おんせん
測る,はかる
測定,そくてい
測量,そくりょう
港,みなと
湖,みずうみ
湯,ゆ
湯気,ゆげ
湯飲み,ゆのみ
湾,わん
湿っぽい,しめっぽい
湿る,しめる
湿度,しつど
湿気,しっけ
満たす,みたす
満ちる,みちる
満員,まんいん
満場,まんじょう
満更,まんざら
満月,まんげつ
満点,まんてん
満足,まんぞく
満面,まんめん
源,みなもと
準える,なぞらえる
準備,じゅんび
準急,じゅんきゅう
溜まる,たまる
溜める,ためる
溜め息,ためいき
溝,みぞ
溢れる,あふれる
溶かす,とかす
溶く,とく
溶ける,とける
溶け込む,とけこむ
溺れる,おぼれる
滅びる,ほろびる
滅亡,めつぼう
滅多,めった
滅多に,めったに
滑らか,なめらか
滑らす,ずらす
滑る,すべる
滑稽,こっけい
滑走路,かっそうろ
滝,たき
滞在,たいざい
滞納,たいのう
滲む,にじむ
滴,しずく
漁,りょう
漁る,あさる
漁師,りょうし
漁村,ぎょそん
漁業,ぎょぎょう
漁船,ぎょせん
漂う,ただよう
漏らす,もらす
漏る,もる
漏れる,もれる
演じる,えんじる
演ずる,えんずる
演出,えんしゅつ
演劇,えんげき
演奏,えんそう
演技,えんぎ
演習,えんしゅう
演説,えんぜつ
漕ぐ,こぐ
漠然と,ばくぜんと
漢和,かんわ
漢字,かんじ
漢文,かんぶん
漢方薬,かんぽうやく
漢語,かんご
漫才,まんざい
漫画,まんが
漬かる,つかる
漬ける,つける
漬け物,つけもの
漸く,ようやく
潔い,いさぎよい
潔白,けっぱく
潜む,ひそむ
潜る,くぐる
潜る,もぐる
潜在,せんざい
潜水艦,せんすいかん
潤い,うるおい
潤う,うるおう
潮,しお
潰す,つぶす
潰れる,つぶれる
澄む,すむ
澱む,よどむ
激しい,はげしい
激励,げきれい
激動,げきどう
濁す,にごす
濁る,にごる
濃い,こい
濃厚,のうこう
濃縮,のうしゅく
濡らす,ぬらす
濡れる,ぬれる
瀬戸物,せともの
灌漑,かんがい
火,ひ
火事,かじ
火傷,やけど
火力,かりょく
火山,かざん
火星,かせい
火曜日,かようび
火災,かさい
火花,ひばな
火薬,かやく
灯,ひ
灯す,ともす
灯台,とうだい
灯油,とうゆ
灰,はい
灰皿,はいざら
灰色,はいいろ
災い,わざわい
災害,さいがい
災難,さいなん
炊く,たく
炊事,すいじ
炎,ほのお
炒める,いためる
炬燵,こたつ
炭,すみ
炭酸,たんさん
点,てん
点く,つく
点けて,つける
点数,てんすう
点検,てんけん
点滅,てんめつ
点火,てんか
為,ため
為さる,なさる
為す,なす
為替,かわせ
烏,からす
烏賊,いか
焚く,たく
焜炉,こんろ
無,む
無い,ない
無くす,なくす
無くなる,なくなる
無し,なし
無事,ぶじ
無人,むじん
無休,むきゅう
無制限,むせいげん
無力,むりょく
無効,むこう
無口,むくち
無名,むめい
無地,むじ
無実,むじつ
無害,むがい
無形,むけい
無心,むしん
無性に,むしょうに
無恥,むち
無情,むじょう
無意味,むいみ
無意識,むいしき
無数,むすう
無料,むりょう
無断,むだん
無期限,むきげん
無条件,むじょうけん
無機物,むきぶつ
無欲,むよく
無残,むざん
無法,むほう
無理,むり
無理やり,むりやり
無生物,むせいぶつ
無用,むよう
無益,むえき
無知,むち
無礼,ぶれい
無神経,むしんけい
無線,むせん
無縁,むえん
無罪,むざい
無職,むしょく
無能,むのう
無色,むしょく
無茶,むちゃ
無茶苦茶,むちゃくちゃ
無視,むし
無言,むごん
無論,むろん
無謀,むぼう
無責任,むせきにん
無造作,むぞうさ
無邪気,むじゃき
無関係,むかんけい
無関心,むかんしん
無闇に,むやみに
無限,むげん
無難,ぶなん
無風,むふう
無駄,むだ
無駄遣い,むだづかい
焦げる,こげる
焦る,あせる
焦点,しょうてん
焼きそば,やきそば
焼きもち,やきもち
焼き肉,やきにく
焼き芋,やきいも
焼き鳥,やきとり
焼く,やく
焼ける,やける
焼酎,しょうちゅう
煉瓦,れんが
煌びやか,きらびやか
煎餅,せんべい
煙,けむり
煙い,けむい
煙たい,けむたい
煙る,けむる
煙突,えんとつ
煙草,たばこ
照らす,てらす
照る,てる
照れる,てれる
照会,しょうかい
照明,しょうめい
煩い,うるさい
煩う,わずらう
煩わしい,わずらわしい
煮える,にえる
煮る,にる
煮詰める,につめる
煮込む,にこむ
煽てる,おだてる
煽る,あおる
熊,くま
熟々,つくづく
熟す,こなす
熟語,じゅくご
熱,ねつ
熱い,あつい
熱する,ねっする
熱中,ねっちゅう
熱帯,ねったい
熱心,ねっしん
熱意,ねつい
熱気,ねっき
熱湯,ねっとう
熱烈,ねつれつ
燃える,もえる
燃やす,もやす
燃料,ねんりょう
燃焼,ねんしょう
燃費,ねんぴ
燕,つばめ
燥ぐ,はしゃぐ
爆弾,ばくだん
爆撃,ばくげき
爆発,ばくはつ
爪,つめ
爪先,つまさき
爪切り,つめきり
爪楊枝,つまようじ
父,ちち
父兄,ふけい
父母,ふぼ
父親,ちちおや
爺さん,じいさん
爽やか,さわやか
片付く,かたづく
片付ける,かたづける
片仮名,かたかな
片側,かたがわ
片思い,かたおもい
片手,かたて
片方,かたほう
片道,かたみち
版,はん
版画,はんが
牛,うし
牛乳,ぎゅうにゅう
牛肉,ぎゅうにく
牧場,ぼくじょう
牧畜,ぼくちく
物,もの
物事,ものごと
物体,ぶったい
物価,ぶっか
物凄い,ものすごい
物好き,ものずき
物差し,ものさし
物干し,ものほし
物理,ぶつり
物知り,ものしり
物置,ものおき
物覚え,ものおぼえ
物語,ものがたり
物語る,ものがたる
物資,ぶっし
物質,ぶっしつ
物足りない,ものたりない
物陰,ものかげ
物音,ものおと
物騒,ぶっそう
特に,とくに
特別,とくべつ
特売,とくばい
特定,とくてい
特徴,とくちょう
特急,とっきゅう
特技,とくぎ
特有,とくゆう
特権,とっけん
特殊,とくしゅ
特産,とくさん
特異,とくい
特色,とくしょく
特訓,とっくん
特許,とっきょ
特質,とくしつ
特集,とくしゅう
犠牲,ぎせい
犬,いぬ
犯す,おかす
犯人,はんにん
犯罪,はんざい
犯行,はんこう
状態,じょうたい
状況,じょうきょう
狂う,くるう
狂わす,くるわす
狐,きつね
狙い,ねらい
狙う,ねらう
狡い,ずるい
独りでに,ひとりでに
独りぼっち,ひとりぼっち
独り占め,ひとりじめ
独り言,ひとりごと
独占,どくせん
独学,どくがく
独断,どくだん
独楽,こま
独特,どくとく
独立,どくりつ
独自,どくじ
独裁,どくさい
独身,どくしん
狭い,せまい
狭まる,せばまる
狭める,せばめる
猛烈,もうれつ
猟,りょう
猫,ねこ
猫背,ねこぜ
猫舌,ねこじた
献立,こんだて
献血,けんけつ
猶予,ゆうよ
猿,さる
獣,けだもの
獣,けもの
獲得,かくとく
玄人,くろうと
玄関,げんかん
率,りつ
率いる,ひきいる
率先,そっせん
率土,そっと
率直,そっちょく
玉,たま
玉ねぎ,たまねぎ
玉蜀黍,とうもろこし
王,おう
王国,おうこく
王女,おうじょ
王子,おうじ
王様,おうさま
王者,おうじゃ
玩具,おもちゃ
珍しい,めずらしい
珍紛漢紛,ちんぷんかんぷん
班,はん
現す,あらわす
現に,げんに
現れ,あらわれ
現れる,あらわれる
現代,げんだい
現住所,げんじゅうしょ
現像,げんぞう
現在,げんざい
現地,げんち
現場,げんば
現実,げんじつ
現役,げんえき
現状,げんじょう
現象,げんしょう
現金,げんきん
球,きゅう
理事,りじ
理学部,りがくぶ
理屈,りくつ
理念,りねん
理性,りせい
理想,りそう
理由,りゆう
理科,りか
理系,りけい
理解,りかい
理論,りろん
琴,こと
瑞々しい,みずみずしい
環境,かんきょう
瓦,かわら
瓶,びん
瓶詰め,びんづめ
甘い,あまい
甘える,あまえる
甘やかす,あまやかす
甘味,あまみ
甚だ,はなはだ
甚だしい,はなはだしい
生,せい
生,なま
生い立ち,おいたち
生える,はえる
生かす,いかす
生きる,いきる
生き方,いきかた
生き物,いきもの
生き甲斐,いきがい
生き返る,いきかえる
生け花,いけばな
生じる,しょうじる
生ずる,しょうずる
生ぬるい,なまぬるい
生まれ,うまれ
生まれる,うまれる
生まれ付き,うまれつき
生み出す,うみだす
生む,うむ
生やす,はやす
生前,せいぜん
生命,せいめい
生地,きじ
生存,せいぞん
生年月日,せいねんがっぴ
生徒,せいと
生意気,なまいき
生態,せいたい
生憎,あいにく
生死,せいし
生活,せいかつ
生涯,しょうがい
生物,せいぶつ
生物,なまもの
生理,せいり
生産,せいさん
生臭い,なまぐさい
生計,せいけい
生誕,せいたん
生長,せいちょう
産地,さんち
産婦人科,さんふじんか
産業,さんぎょう
産物,さんぶつ
甥,おい
甦る,よみがえる
用,よう
用いる,もちいる
用事,ようじ
用件,ようけん
用例,ようれい
用具,ようぐ
用心,ようじん
用心深い,ようじんぶかい
用意,ようい
用紙,ようし
用語,ようご
用足し,ようたし
用途,ようと
田,た
田んぼ,たんぼ
田園,でんえん
田植え,たうえ
田畑,たはた
田舎,いなか
由,よし
由来,ゆらい
由緒,ゆいしょ
申し上げる,もうしあげる
申し出る,もうしでる
申し訳,もうしわけ
申し訳ない,もうしわけない
申し込み,もうしこみ
申し込む,もうしこむ
申す,もうす
申告,しんこく
申請,しんせい
男,おとこ
男の子,おとこのこ
男らしい,おとこらしい
男前,おとこまえ
男女,だんじょ
男子,だんし
男性,だんせい
男性的,だんせいてき
町,まち
町並み,まちなみ
町外れ,まちはずれ
画する,かくする
画像,がぞう
画家,がか
画数,かくすう
画期的,かっきてき
画用紙,がようし
画面,がめん
畑,はたけ
留まる,とどまる
留める,とどめる
留学,りゅうがく
留学生,りゅうがくせい
留守,るす
留守番,るすばん
留年,りゅうねん
畜生,ちくしょう
畝ねり,うねり
略,りゃく
略す,りゃくす
略語,りゃくご
番,ばん
番号,ばんごう
番地,ばんち
番組,ばんぐみ
異なる,ことなる
異動,いどう
異常,いじょう
異性,いせい
異端,いたん
畳,たたみ
畳む,たたむ
疎か,おろそか
疎ら,まばら
疎外,そがい
疎遠,そえん
疑い,うたがい
疑う,うたがう
疑わしい,うたがわしい
疑問,ぎもん
疲れ,つかれ
疲れる,つかれる
疲労,ひろう
疾っくに,とっくに
病,やまい
病む,やむ
病人,びょうにん
病室,びょうしつ
病弱,びょうじゃく
病死,びょうし
病気,びょうき
病状,びょうじょう
病院,びょういん
症状,しょうじょう
痒い,かゆい
痛い,いたい
痛ましい,いたましい
痛み,いたみ
痛む,いたむ
痛烈,つうれつ
痣,あざ
痩せる,やせる
痺れる,しびれる
瘤,こぶ
療養,りょうよう
癌,がん
癒着,ゆちゃく
癖,くせ
発する,はっする
発つ,たつ
発作,ほっさ
発信,はっしん
発声,はっせい
発売,はつばい
発展,はってん
発想,はっそう
発掘,はっくつ
発揮,はっき
発散,はっさん
発明,はつめい
発条,ばね
発火,はっか
発熱,はつねつ
発生,はっせい
発病,はつびょう
発着,はっちゃく
発端,ほったん
発育,はついく
発芽,はつが
発行,はっこう
発表,はっぴょう
発見,はっけん
発覚,はっかく
発言,はつげん
発起人,ほっきにん
発足,ほっそく
発車,はっしゃ
発送,はっそう
発達,はったつ
発電,はつでん
発電所,はつでんしょ
発音,はつおん
登る,のぼる
登場,とうじょう
登山,とざん
登校,とうこう
登記,とうき
登録,とうろく
白,しろ
白い,しろい
白バイ,しろばい
白人,はくじん
白書,はくしょ
白熱,はくねつ
白状,はくじょう
白痴,はくち
白粉,おしろい
白紙,はくし
白線,はくせん
白菜,はくさい
白衣,はくい
白髪,しらが
白鳥,はくちょう
百,ひゃく
百姓,ひゃくしょう
百科事典,ひゃっかじてん
百貨店,ひゃっかてん
的,まと
的中,てきちゅう
的確,てきかく
皆,みな
皆,みんな
皆さん,みなさん
皆様,みなさま
皇后,こうごう
皮,かわ
皮肉,ひにく
皮膚,ひふ
皿,さら
盆,ぼん
盆地,ぼんち
盆踊り,ぼんおどり
盗む,ぬすむ
盗難,とうなん
盛り,さかり
盛り上がる,もりあがる
盛り上げる,もりあげる
盛る,もる
盛ん,さかん
盛大,せいだい
監督,かんとく
監禁,かんきん
監視,かんし
目,め
目上,めうえ
目下,めした
目下,もっか
目付き,めつき
目処,めど
目出度い,めでたい
目前,もくぜん
目印,めじるし
目安,めやす
目当て,めあて
目指す,めざす
目撃,もくげき
目方,めかた
目標,もくひょう
目次,もくじ
目玉商品,めだましょうひん
目的,もくてき
目的地,もくてきち
目盛り,めもり
目眩,めまい
目立つ,めだつ
目茶目茶,めちゃめちゃ
目茶苦茶,めちゃくちゃ
目蓋,まぶた
目薬,めぐすり
目覚まし,めざまし
目覚ましい,めざましい
目覚まし時計,めざましどけい
目覚める,めざめる
目録,もくろく
盲点,もうてん
盲腸,もうちょう
直ぐ,すぐ
直す,なおす
直ちに,ただちに
直に,じかに
直に,じきに
直る,なおる
直列,ちょくれつ
直前,ちょくぜん
直径,ちょっけい
直後,ちょくご
直感,ちょっかん
直接,ちょくせつ
直撃,ちょくげき
直線,ちょくせん
直視,ちょくし
直観,ちょっかん
直角,ちょっかく
直通,ちょくつう
直進,ちょくしん
相づち,あいづち
相互,そうご
相場,そうば
相変わらず,あいかわらず
相対的,そうたいてき
相当,そうとう
相応,そうおう
相応しい,ふさわしい
相手,あいて
相撲,すもう
相殺,そうさい
相続,そうぞく
相談,そうだん
相違,そうい
相関,そうかん
省く,はぶく
省みる,かえりみる
省略,しょうりゃく
眉,まゆ
眉毛,まゆげ
看板,かんばん
看病,かんびょう
看護,かんご
看護婦,かんごふ
県,けん
県庁,けんちょう
県立,けんりつ
真,しん
真っ先,まっさき
真っ暗,まっくら
真っ最中,まっさいちゅう
真っ白,まっしろ
真っ直ぐ,まっすぐ
真っ赤,まっか
真っ青,まっさお
真っ黒,まっくろ
真に,しんに
真ん中,まんなか
真ん丸,まんまる
真似,まね
真似る,まねる
真価,しんか
真偽,しんぎ
真剣,しんけん
真四角,ましかく
真夏,まなつ
真夜中,まよなか
真実,しんじつ
真心,まごころ
真意,しんい
真珠,しんじゅ
真理,しんり
真相,しんそう
真逆,まさか
真面,まとも
真面目,まじめ
眠い,ねむい
眠たい,ねむたい
眠り,ねむり
眠る,ねむる
眠気,ねむけ
眩しい,まぶしい
眺め,ながめ
眺める,ながめる
眼差し,まなざし
眼科,がんか
眼鏡,めがね
着々,ちゃくちゃく
着く,つく
着ける,つける
着せる,きせる
着る,きる
着実,ちゃくじつ
着席,ちゃくせき
着手,ちゃくしゅ
着替え,きがえ
着替える,きがえる
着物,きもの
着色,ちゃくしょく
着陸,ちゃくりく
着飾る,きかざる
睡眠,すいみん
督促,とくそく
睨む,にらむ
瞑る,つぶる
瞬く,またたく
瞬間,しゅんかん
瞳,ひとみ
矛盾,むじゅん
矢,や
矢っ張り,やっぱり
矢印,やじるし
矢張り,やはり
矢鱈,やたらに
知らず知らず,しらずしらず
知らせ,しらせ
知らせる,しらせる
知り合い,しりあい
知り合う,しりあう
知る,しる
知れる,しれる
知事,ちじ
知人,ちじん
知性,ちせい
知恵,ちえ
知的,ちてき
知能,ちのう
知覚,ちかく
知識,ちしき
短い,みじかい
短大,たんだい
短所,たんしょ
短期,たんき
短期大学,たんきだいがく
短歌,たんか
短気,たんき
短縮,たんしゅく
石,いし
石油,せきゆ
石炭,せきたん
石頭,いしあたま
石鹸,せっけん
砂,すな
砂浜,すなはま
砂漠,さばく
砂糖,さとう
研ぐ,とぐ
研究,けんきゅう
砕く,くだく
砕ける,くだける
破る,やぶる
破れる,やぶれる
破壊,はかい
破局,はきょく
破損,はそん
破棄,はき
破滅,はめつ
破片,はへん
破産,はさん
破綻,はたん
破裂,はれつ
硬さ,かたさ
硬化,こうか
硬貨,こうか
碁,ご
碑,ひ
確か,たしか
確かめる,たしかめる
確保,かくほ
確信,かくしん
確定,かくてい
確実,かくじつ
確率,かくりつ
確立,かくりつ
確認,かくにん
磁石,じしゃく
磨く,みがく
示す,しめす
示唆,しさ
礼,れい
礼儀,れいぎ
礼服,れいふく
礼状,れいじょう
礼金,れいきん
社交,しゃこう
社交的,しゃこうてき
社会,しゃかい
社会人,しゃかいじん
社会科学,しゃかいかがく
社員,しゃいん
社説,しゃせつ
社長,しゃちょう
祈り,いのり
祈る,いのる
祈願,きがん
祖先,そせん
祖母,そぼ
祖父,そふ
祝い,いわい
祝う,いわう
祝日,しゅくじつ
祝福,しゅくふく
祝電,しゅくでん
神,かみ
神主,かんぬし
神業,かみわざ
神様,かみさま
神父,しんぷ
神社,じんじゃ
神秘,しんぴ
神経,しんけい
神聖,しんせい
神話,しんわ
神道,しんとう
票,ひょう
祭り,まつり
祭る,まつる
祭日,さいじつ
禁じる,きんじる
禁ずる,きんずる
禁句,きんく
禁欲的,きんよくてき
禁止,きんし
禁煙,きんえん
禁物,きんもつ
禁酒,きんしゅ
禅,ぜん
福祉,ふくし
禿,はげ
禿げる,はげる
秀才,しゅうさい
私,わたくし
私,わたし
私用,しよう
私立,しりつ
私費,しひ
私達,わたしたち
私鉄,してつ
秋,あき
秋分,しゅうぶん
秋風,あきかぜ
科学,かがく
科学者,かがくしゃ
科目,かもく
秒読み,びょうよみ
秘める,ひめる
秘密,ひみつ
秘書,ひしょ
秘訣,ひけつ
秩序,ちつじょ
称する,しょうする
移す,うつす
移る,うつる
移住,いじゅう
移動,いどう
移植,いしょく
移民,いみん
移転,いてん
稀,まれ
程,ほど
程なく,ほどなく
程度,ていど
税,ぜい
税務署,ぜいむしょ
税金,ぜいきん
税関,ぜいかん
種,しゅ
種,たね
種々,しゅじゅ
種目,しゅもく
種類,しゅるい
稲,いね
稲妻,いなずま
稼ぐ,かせぐ
稽古,けいこ
穀物,こくもつ
穂,ほ
積み立て,つみたて
積む,つむ
積もり,つもり
積もる,つもる
積極的,せっきょくてき
積雪,せきせつ
穏やか,おだやか
穏健,おんけん
穴,あな
究明,きゅうめい
究極,きゅうきょく
空,から
空,そら
空き,あき
空き地,あきち
空く,あく
空く,すく
空ける,あける
空っぽ,からっぽ
空中,くうちゅう
空想,くうそう
空手,からて
空気,くうき
空港,くうこう
空白,くうはく
空腹,くうふく
空虚,くうきょ
空車,くうしゃ
空軍,くうぐん
空間,くうかん
突き刺す,つきさす
突き当たる,つきあたる
突き抜ける,つきぬける
突く,つく
突く,つつく
突っ張る,つっぱる
突っ掛ける,つっかける
突っ込む,つっこむ
突如,とつじょ
突然,とつぜん
突破,とっぱ
窒息,ちっそく
窓,まど
窓口,まどぐち
窓際,まどぎわ
窪み,くぼみ
窮屈,きゅうくつ
窶れる,やつれる
立ち上がる,たちあがる
立ち入り禁止,たちいりきんし
立ち去る,たちさる
立ち寄る,たちよる
立ち止まる,たちどまる
立ち直る,たちなおる
立ち話,たちばなし
立ち読み,たちよみ
立ち退く,たちのく
立つ,たつ
立てる,たてる
立て替える,たてかえる
立て札,たてふだ
立て直す,たてなおす
立て込む,たてこむ
立体,りったい
立候補,りっこうほ
立場,たちば
立法,りっぽう
立派,りっぱ
立脚,りっきゃく
章,しょう
童話,どうわ
端,はし
端たない,はしたない
端的,たんてき
競う,きそう
競争,きょうそう
競技,きょうぎ
競馬,けいば
竹,たけ
竿,さお
笑い,わらい
笑い声,わらいごえ
笑う,わらう
笑顔,えがお
笛,ふえ
符号,ふごう
第一,だいいち
筆,ふで
筆者,ひっしゃ
筆記,ひっき
筆記用具,ひっきようぐ
筆記試験,ひっきしけん
筆順,ひつじゅん
等しい,ひとしい
等価,とうか
等分,とうぶん
等閑,なおざり
筋,すじ
筋肉,きんにく
筋道,すじみち
筒,つつ
答え,こたえ
答える,こたえる
答弁,とうべん
答案,とうあん
答申,とうしん
策,さく
策略,さくりゃく
箒,ほうき
算数,さんすう
算盤,そろばん
管,かん
管,くだ
管理,かんり
管轄,かんかつ
箪笥,たんす
箱,はこ
箸,はし
節,せつ
節,ふし
節句,せっく
節約,せつやく
範囲,はんい
築く,きずく
簡単,かんたん
簡易,かんい
籠,かご
籠もる,こもる
籤,くじ
籤引,くじびき
米,こめ
米価,べいか
粉,こな
粉末,ふんまつ
粋,いき
粒,つぶ
粗い,あらい
粗大,そだい
粗末,そまつ
粘り,ねばり
粘る,ねばる
粘土,ねんど
粘着,ねんちゃく
精々,せいぜい
精一杯,せいいっぱい
精密,せいみつ
精神,せいしん
精算,せいさん
精通,せいつう
糊,のり
糸,いと
系列,けいれつ
系統,けいとう
紀元,きげん
約束,やくそく
紅白,こうはく
紅茶,こうちゃ
紅葉,こうよう
紅葉,もみじ
納まる,おさまる
納める,おさめる
納入,のうにゅう
納得,なっとく
納税,のうぜい
納豆,なっとう
紐,ひも
純情,じゅんじょう
純粋,じゅんすい
紙,かみ
紙屑,かみくず
紙幣,しへい
紙面,しめん
級,きゅう
紛らす,まぎらす
紛らわしい,まぎらわしい
紛れ,まぐれ
紛れる,まぎれる
紛争,ふんそう
紛失,ふんしつ
素人,しろうと
素敵,すてき
素早い,すばやい
素晴らしい,すばらしい
素朴,そぼく
素材,そざい
素直,すなお
素質,そしつ
素顔,すがお
紡績,ぼうせき
索引,さくいん
紫,むらさき
細い,ほそい
細か,こまか
細かい,こまかい
細やか,ささやか
細工,さいく
細胞,さいぼう
細菌,さいきん
細長い,ほそながい
紳士,しんし
紹介,しょうかい
紺,こん
終える,おえる
終わり,おわり
終わる,おわる
終了,しゅうりょう
終始,しゅうし
終戦,しゅうせん
終止符,しゅうしふ
終点,しゅうてん
終着駅,しゅうちゃくえき
終電,しゅうでん
組,くみ
組み合わせ,くみあわせ
組み合わせる,くみあわせる
組み立てる,くみたてる
組み込む,くみこむ
組む,くむ
組合,くみあい
組織,そしき
組閣,そかく
経つ,たつ
経る,へる
経営,けいえい
経度,けいど
経歴,けいれき
経済,けいざい
経済的,けいざいてき
経理,けいり
経由,けいゆ
経費,けいひ
経過,けいか
経験,けいけん
結う,ゆう
結び,むすび
結ぶ,むすぶ
結合,けつごう
結婚,けっこん
結局,けっきょく
結成,けっせい
結晶,けっしょう
結末,けつまつ
結果,けっか
結核,けっかく
結構,けっこう
結論,けつろん
絞る,しぼる
絡む,からむ
給与,きゅうよ
給料,きゅうりょう
給食,きゅうしょく
絨緞,じゅうたん
統一,とういつ
統制,とうせい
統合,とうごう
統治,とうち
統計,とうけい
絵,え
絵の具,えのぐ
絵本,えほん
絵画,かいが
絵葉書,えはがき
絶えず,たえず
絶える,たえる
絶え間なく,たえまなく
絶つ,たつ
絶交,ぜっこう
絶好,ぜっこう
絶対,ぜったい
絶対に,ぜったいに
絶望,ぜつぼう
絹,きぬ
継ぎはぎ,つぎはぎ
継ぐ,つぐ
継続,けいぞく
続々,ぞくぞく
続き,つづき
続く,つづく
続ける,つづける
続出,ぞくしゅつ
維持,いじ
維新,いしん
綱,つな
綱渡り,つなわたり
網,あみ
綴じる,とじる
綴り,つづり
綻びる,ほころびる
綿,めん
綿,わた
緊張,きんちょう
緊急,きんきゅう
緊迫,きんぱく
総会,そうかい
総合,そうごう
総数,そうすう
総理,そうり
総理大臣,そうりだいじん
総裁,そうさい
総論,そうろん
緑,みどり
緑色,みどりいろ
線,せん
線路,せんろ
締まる,しまる
締める,しめる
締め切り,しめきり
締め切る,しめきる
編み物,あみもの
編む,あむ
編入,へんにゅう
編成,へんせい
編集,へんしゅう
緩い,ゆるい
緩む,ゆるむ
緩める,ゆるめる
緩やか,ゆるやか
緩和,かんわ
緯度,いど
練る,ねる
練習,れんしゅう
縁,えん
縁,ふち
縁側,えんがわ
縁談,えんだん
縁起,えんぎ
縄,なわ
縄張り,なわばり
縋る,すがる
縛る,しばる
縞,しま
縦,たて
縦書き,たてがき
縫う,ぬう
縮まる,ちぢまる
縮み,ちぢみ
縮む,ちぢむ
縮める,ちぢめる
縮れる,ちぢれる
縮小,しゅくしょう
縺れる,もつれる
繁栄,はんえい
繁殖,はんしょく
繁盛,はんじょう
繊細,せんさい
繊維,せんい
繋がり,つながり
繋がる,つながる
繋ぐ,つなぐ
織る,おる
織物,おりもの
繕う,つくろう
繰り返す,くりかえす
纏まる,まとまる
纏め,まとめ
纏める,まとめる
缶,かん
缶詰,かんづめ
罅,ひび
罠,わな
罪,つみ
置く,おく
置物,おきもの
罰,ばち
罰,ばつ
罰する,ばっする
罰則,ばっそく
罰点,ばってん
罰金,ばっきん
署名,しょめい
罵る,ののしる
罹る,かかる
羊,ひつじ
羊毛,ようもう
美,び
美しい,うつくしい
美人,びじん
美化,びか
美味い,うまい
美味しい,おいしい
美女,びじょ
美容,びよう
美容院,びよういん
美術,びじゅつ
美術館,びじゅつかん
群,ぐん
群がる,むらがる
群れ,むれ
群れる,むれる
群衆,ぐんしゅう
群集,ぐんしゅう
羨ましい,うらやましい
義務,ぎむ
義母,ぎぼ
義父,ぎふ
義理,ぎり
羽撃く,はばたく
羽根,はね
羽織,はおり
翌年,よくねん
翌日,よくじつ
翌朝,よくあさ
習う,ならう
習得,しゅうとく
習慣,しゅうかん
翻す,ひるがえす
翻訳,ほんやく
翼,つばさ
老いる,おいる
老ける,ふける
老人,ろうじん
老化,ろうか
老後,ろうご
老眼,ろうがん
考え,かんがえ
考える,かんがえる
考慮,こうりょ
者,もの
耐える,たえる
耕す,たがやす
耳,みみ
耳元,みみもと
耳寄り,みみより
耳障り,みみざわり
耳鼻科,じびか
耽る,ふける
聊か,いささか
聖書,せいしょ
聞かす,きかす
聞き手,ききて
聞く,きく
聞こえる,きこえる
聳える,そびえる
聴衆,ちょうしゅう
聴覚,ちょうかく
聴講,ちょうこう
職人,しょくにん
職務,しょくむ
職員,しょくいん
職場,しょくば
職業,しょくぎょう
職歴,しょくれき
肉,にく
肉体,にくたい
肉眼,にくがん
肉親,にくしん
肉食,にくしょく
肌,はだ
肌着,はだぎ
肌色,はだいろ
肘,ひじ
肝,きも
肝心,かんじん
肝臓,かんぞう
股,また
股,もも
肥える,こえる
肥料,ひりょう
肥満,ひまん
肩,かた
肩書き,かたがき
肯定,こうてい
育ち,そだち
育つ,そだつ
育てる,そだてる
育む,はぐくむ
育児,いくじ
肺,はい
肺炎,はいえん
胃,い
胃腸,いちょう
背,せ
背く,そむく
背中,せなか
背広,せびろ
背景,はいけい
背負う,せおう
背骨,せぼね
胡座,あぐら
胡椒,こしょう
胡瓜,きゅうり
胴,どう
胴上げ,どうあげ
胴体,どうたい
胸,むね
能,のう
能力,のうりょく
能動的,のうどうてき
能率,のうりつ
脂,あぶら
脂肪,しぼう
脅かす,おどかす
脅かす,おびやかす
脅す,おどす
脅迫,きょうはく
脆い,もろい
脇,わき
脇役,わきやく
脇見,わきみ
脈,みゃく
脈拍,みゃくはく
脈絡,みゃくらく
脚本,きゃくほん
脚色,きゃくしょく
脛,すね
脱ぐ,ぬぐ
脱出,だっしゅつ
脱水,だっすい
脱税,だつぜい
脱線,だっせん
脱落,だつらく
脱衣,だつい
脱走,だっそう
脱退,だったい
脳,のう
脳死,のうし
腐る,くさる
腐敗,ふはい
腕,うで
腕前,うでまえ
腕力,わんりょく
腕時計,うでどけい
腕白,わんぱく
腫れる,はれる
腰,こし
腰掛け,こしかけ
腰掛ける,こしかける
腸,ちょう
腹,はら
腹一杯,はらいっぱい
膝,ひざ
膨らむ,ふくらむ
膨れる,ふくれる
膨大,ぼうだい
膨張,ぼうちょう
臆病,おくびょう
臍,へそ
臨む,のぞむ
臨時,りんじ
臨終,りんじゅう
自ずから,おのずから
自ら,みずから
自主,じしゅ
自主的,じしゅてき
自信,じしん
自分,じぶん
自動,じどう
自動車,じどうしゃ
自問,じもん
自営,じえい
自営業,じえいぎょう
自国,じこく
自宅,じたく
自己,じこ
自惚れ,うぬぼれ
自惚れる,うぬぼれる
自慢,じまん
自我,じが
自明,じめい
自棄,やけ
自殺,じさつ
自治,じち
自活,じかつ
自滅,じめつ
自炊,じすい
自然,しぜん
自然に,しぜんに
自然科学,しぜんかがく
自由,じゆう
自発的,じはつてき
自白,じはく
自習,じしゅう
自衛,じえい
自衛隊,じえいたい
自覚,じかく
自身,じしん
自転車,じてんしゃ
自首,じしゅ
臭い,くさい
臭い,におい
臭う,におう
至る,いたる
至る所,いたるところ
至急,しきゅう
致す,いたす
致命的,ちめいてき
舅,しゅうと
興す,おこす
興味,きょうみ
興奮,こうふん
舌,した
舐める,なめる
舗装,ほそう
舞う,まう
舞台,ぶたい
舞踏,ぶとう
航海,こうかい
航空,こうくう
航空便,こうくうびん
航空券,こうくうけん
航空機,こうくうき
航路,こうろ
舵,かじ
船,ふね
船便,ふなびん
船舶,せんぱく
船長,せんちょう
良,りょう
良い,いい
良い,よい
良好,りょうこう
良心,りょうしん
色,いろ
色々,いろいろ
色彩,しきさい
艶,つや
芋,いも
芝居,しばい
芝生,しばふ
芯,しん
花,はな
花壇,かだん
花婿,はなむこ
花嫁,はなよめ
花弁,はなびら
花束,はなたば
花火,はなび
花瓶,かびん
花見,はなみ
芸,げい
芸能,げいのう
芸能人,げいのうじん
芸術,げいじゅつ
芽,め
苗,なえ
苛々,いらいら
苛め,いじめ
苛める,いじめる
若々しい,わかわかしい
若い,わかい
若し,もし
若しかしたら,もしかしたら
若しかすると,もしかすると
若しも,もしも
若布,わかめ
若干,じゃっかん
若者,わかもの
苦い,にがい
苦しい,くるしい
苦しみ,くるしみ
苦しむ,くるしむ
苦しめる,くるしめる
苦労,くろう
苦味,にがみ
苦心,くしん
苦悩,くのう
苦情,くじょう
苦手,にがて
苦痛,くつう
苦笑い,にがわらい
英和,えいわ
英文,えいぶん
英気,えいき
英語,えいご
英雄,えいゆう
苺,いちご
茂る,しげる
茄子,なす
茎,くき
茣蓙,ござ
茶,ちゃ
茶の間,ちゃのま
茶碗,ちゃわん
茶色,ちゃいろ
茶道,さどう
茸,きのこ
草,くさ
草原,そうげん
草履,ぞうり
草木,くさき
草臥れる,くたびれる
草花,くさばな
草食,そうしょく
荒々しい,あらあらしい
荒い,あらい
荒っぽい,あらっぽい
荒らす,あらす
荒れる,あれる
荷,に
荷札,にふだ
荷物,にもつ
荷造り,にづくり
莫大,ばくだい
菊,きく
菌,きん
菜食,さいしょく
華々しい,はなばなしい
華やか,はなやか
華麗,かれい
萎む,しぼむ
萎れる,しおれる
落ちこぼれ,おちこぼれ
落ちる,おちる
落ち合う,おちあう
落ち着き,おちつき
落ち着く,おちつく
落ち葉,おちば
落ち込む,おちこむ
落とし物,おとしもの
落とす,おとす
落下,らっか
落札,らくさつ
落第,らくだい
落語,らくご
葉,は
葉っぱ,はっぱ
葉書,はがき
著しい,いちじるしい
著す,あらわす
著名,ちょめい
著書,ちょしょ
著者,ちょしゃ
葡萄,ぶどう
葬る,ほうむる
葬式,そうしき
蒔く,まく
蒸かす,ふかす
蒸し暑い,むしあつい
蒸す,むす
蒸発,じょうはつ
蓄える,たくわえる
蓄積,ちくせき
蓋,ふた
蔑む,さげすむ
蔓延る,はびこる
蕎麦,そば
蕾,つぼみ
薄い,うすい
薄まる,うすまる
薄める,うすめる
薄弱,はくじゃく
薄暗い,うすぐらい
薄着,うすぎ
薔薇色,ばらいろ
薩摩芋,さつまいも
薬,くすり
薬品,やくひん
薬局,やっきょく
薬指,くすりゆび
薬缶,やかん
藁,わら
藻掻く,もがく
虎,とら
虐殺,ぎゃくさつ
虚しい,むなしい
虚栄心,きょえいしん
虚構,きょこう
虚無,きょむ
虫,むし
虫歯,むしば
虹,にじ
蚊,か
蛇,へび
蛇口,じゃぐち
蛋白質,たんぱくしつ
蛍,ほたる
蛍光灯,けいこうとう
蛙,かえる
蛸,たこ
蜂,はち
蜂蜜,はちみつ
蜘蛛,くも
蜜柑,みかん
蜻蛉,とんぼ
蝉,せみ
蝋燭,ろうそく
蝕む,むしばむ
蝿,はえ
融通,ゆうずう
螺旋,らせん
蟹,かに
蟻,あり
血,ち
血圧,けつあつ
血液,けつえき
血管,けっかん
血縁,けつえん
衆議院,しゅうぎいん
行,ぎょう
行う,おこなう
行き,いき
行き,ゆき
行き届く,いきとどく
行き来,いきき
行き止まり,いきどまり
行き渡る,いきわたる
行き過ぎ,いきすぎ
行き違い,いきちがい
行く,いく
行事,ぎょうじ
行使,こうし
行儀,ぎょうぎ
行列,ぎょうれつ
行動,こうどう
行成,いきなり
行政,ぎょうせい
行方,ゆくえ
行楽,こうらく
行為,こうい
行程,こうてい
行進,こうしん
術語,じゅつご
街角,まちかど
街道,かいどう
街頭,がいとう
衛星,えいせい
衛生,えいせい
衛生的,えいせいてき
衝動,しょうどう
衝撃,しょうげき
衝突,しょうとつ
衣料,いりょう
衣服,いふく
衣装,いしょう
衣類,いるい
衣食住,いしょくじゅう
表,おもて
表,ひょう
表す,あらわす
表彰,ひょうしょう
表彰状,ひょうしょうじょう
表情,ひょうじょう
表現,ひょうげん
表紙,ひょうし
表裏,ひょうり
表記,ひょうき
表通り,おもてどおり
表面,ひょうめん
衰える,おとろえる
袋,ふくろ
袖,そで
被せる,かぶせる
被る,かぶる
被告,ひこく
被害,ひがい
袴,はかま
裁く,さばく
裁つ,たつ
裁判,さいばん
裁判所,さいばんしょ
裁決,さいけつ
裁縫,さいほう
裂く,さく
裂ける,さける
装う,よそおう
装置,そうち
装飾,そうしょく
裏,うら
裏切る,うらぎる
裏口,うらぐち
裏表,うらおもて
裏返し,うらがえし
裏返す,うらがえす
裏通り,うらどおり
裏門,うらもん
裕福,ゆうふく
補う,おぎなう
補佐,ほさ
補償,ほしょう
補充,ほじゅう
補助,ほじょ
補強,ほきょう
補欠,ほけつ
補正,ほせい
補給,ほきゅう
補足,ほそく
裸,はだか
裸足,はだし
製作,せいさく
製品,せいひん
製図,せいず
製薬,せいやく
製造,せいぞう
製鉄,せいてつ
裾,すそ
複写,ふくしゃ
複合,ふくごう
複数,ふくすう
複雑,ふくざつ
褒める,ほめる
褒美,ほうび
褪せる,あせる
襖,ふすま
襟,えり
襟巻き,えりまき
襲う,おそう
襲撃,しゅうげき
西,にし
西暦,せいれき
西欧,せいおう
西洋,せいよう
西洋人,せいようじん
西部,せいぶ
要,かなめ
要する,ようする
要するに,ようするに
要る,いる
要因,よういん
要所,ようしょ
要旨,ようし
要望,ようぼう
要求,ようきゅう
要注意,ようちゅうい
要点,ようてん
要約,ようやく
要素,ようそ
要請,ようせい
要項,ようこう
要領,ようりょう
覆う,おおう
覆面,ふくめん
見える,みえる
見す見す,みすみす
見ず知らず,みずしらず
見せびらかす,みせびらかす
見せる,みせる
見せ掛け,みせかけ
見た目,みため
見っともない,みっともない
見つかる,みつかる
見なす,みなす
見る,みる
見る見る,みるみる
見上げる,みあげる
見下ろす,みおろす
見事,みごと
見付ける,みつける
見出し,みだし
見出す,みいだす
見分け,みわけ
見合い,みあい
見合わせる,みあわせる
見地,けんち
見失う,みうしなう
見学,けんがく
見守る,みまもる
見届ける,みとどける
見張る,みはる
見当,けんとう
見惚れる,みとれる
見所,みどころ
見捨てる,みすてる
見掛け,みかけ
見損なう,みそこなう
見放す,みはなす
見方,みかた
見晴らし,みはらし
見晴らす,みはらす
見本,みほん
見栄,みえ
見極める,みきわめる
見比べる,みくらべる
見渡す,みわたす
見物,けんぶつ
見物人,けんぶつにん
見直す,みなおす
見積もり,みつもり
見窄らしい,みすぼらしい
見縊る,みくびる
見習い,みならい
見習う,みならう
見聞,けんぶん
見舞い,みまい
見舞う,みまう
見苦しい,みぐるしい
見落とす,みおとす
見覚え,みおぼえ
見解,けんかい
見詰める,みつめる
見込み,みこみ
見送り,みおくり
見送る,みおくる
見逃す,みのがす
見通し,みとおし
見過ごす,みすごす
見違える,みちがえる
見限る,みかぎる
規制,きせい
規則,きそく
規定,きてい
規律,きりつ
規模,きぼ
規範,きはん
視力,しりょく
視察,しさつ
視点,してん
視野,しや
覗く,のぞく
覚え,おぼえ
覚える,おぼえる
覚ます,さます
覚める,さめる
覚悟,かくご
覚醒剤,かくせいざい
親,おや
親しい,したしい
親しみ,したしみ
親しむ,したしむ
親不孝,おやふこう
親切,しんせつ
親友,しんゆう
親善,しんぜん
親子,おやこ
親孝行,おやこうこう
親密,しんみつ
親愛,しんあい
親戚,しんせき
親指,おやゆび
親族,しんぞく
親日,しんにち
親睦,しんぼく
親類,しんるい
観光,かんこう
観客,かんきゃく
観察,かんさつ
観念,かんねん
観測,かんそく
観衆,かんしゅう
観賞,かんしょう
角,かく
角,かど
角,つの
角度,かくど
解く,とく
解く,ほどく
解ける,とける
解ける,ほどける
解体,かいたい
解剖,かいぼう
解放,かいほう
解散,かいさん
解決,かいけつ
解消,かいしょう
解熱,げねつ
解答,かいとう
解約,かいやく
解説,かいせつ
解釈,かいしゃく
解除,かいじょ
解雇,かいこ
触る,さわる
触れる,ふれる
触れ合い,ふれあい
触れ合う,ふれあう
言いなり,いいなり
言い付ける,いいつける
言い出す,いいだす
言い回し,いいまわし
言い掛かり,いいがかり
言い換える,いいかえる
言い方,いいかた
言い表わす,いいあらわす
言い訳,いいわけ
言い返す,いいかえす
言う,いう
言わば,いわば
言付ける,ことづける
言動,げんどう
言葉,ことば
言葉遣い,ことばづかい
言語,げんご
言論,げんろん
訂正,ていせい
計,けい
計る,はかる
計画,けいかく
計算,けいさん
討つ,うつ
討論,とうろん
討議,とうぎ
訓,くん
訓練,くんれん
訓読み,くんよみ
託す,たくす
記す,しるす
記事,きじ
記入,きにゅう
記号,きごう
記念,きねん
記念日,きねんび
記憶,きおく
記者,きしゃ
記述,きじゅつ
記録,きろく
訛り,なまり
訪ねる,たずねる
訪れる,おとずれる
訪問,ほうもん
設ける,もうける
設備,せつび
設定,せってい
設立,せつりつ
設置,せっち
設計,せっけい
許す,ゆるす
許可,きょか
許容,きょよう
訳,やく
訳,わけ
訳す,やくす
訴え,うったえ
訴える,うったえる
訴訟,そしょう
診る,みる
診察,しんさつ
診断,しんだん
診療,しんりょう
診療所,しんりょうしょ
証券,しょうけん
証拠,しょうこ
証明,しょうめい
証書,しょうしょ
詐欺,さぎ
評,ひょう
評価,ひょうか
評判,ひょうばん
評論,ひょうろん
詠む,よむ
試し,ためし
試す,ためす
試み,こころみ
試みる,こころみる
試合,しあい
試行錯誤,しこうさくご
試験,しけん
詩,し
詩人,しじん
詫び,わび
詫びる,わびる
詰まらない,つまらない
詰まり,つまり
詰まる,つまる
詰める,つめる
話,はなし
話し合い,はなしあい
話し合う,はなしあう
話し声,はなしごえ
話し掛ける,はなしかける
話し言葉,はなしことば
話し込む,はなしこむ
話す,はなす
話題,わだい
該当,がいとう
詳しい,くわしい
詳細,しょうさい
誂える,あつらえる
誇り,ほこり
誇る,ほこる
誇張,こちょう
認め,みとめ
認める,みとめる
認め印,みとめいん
認可,にんか
認識,にんしき
誓う,ちかう
誕生,たんじょう
誕生日,たんじょうび
誘う,さそう
誘導,ゆうどう
誘惑,ゆうわく
誘拐,ゆうかい
語る,かたる
語学,ごがく
語彙,ごい
語源,ごげん
誠,まこと
誠に,まことに
誠実,せいじつ
誠意,せいい
誤り,あやまり
誤る,あやまる
誤字,ごじ
誤差,ごさ
誤解,ごかい
誤魔化す,ごまかす
説,せつ
説く,とく
説得,せっとく
説教,せっきょう
説明,せつめい
読み,よみ
読み方,よみかた
読み書き,よみかき
読む,よむ
読書,どくしょ
読者,どくしゃ
誰,だれ
誰か,だれか
課,か
課程,かてい
課税,かぜい
課長,かちょう
課題,かだい
調べ,しらべ
調べる,しらべる
調停,ちょうてい
調印,ちょういん]
調味料,ちょうみりょう
調和,ちょうわ
調子,ちょうし
調整,ちょうせい
調査,ちょうさ
調理,ちょうり
調節,ちょうせつ
諄い,くどい
談話,だんわ
請求,せいきゅう
請願,せいがん
論,ろん
論じる,ろんじる
論ずる,ろんずる
論争,ろんそう
論文,ろんぶん
論理,ろんり
論理的,ろんりてき
諦める,あきらめる
諸君,しょくん
諸国,しょこく
諺,ことわざ
謀る,はかる
謎,なぞ
謎々,なぞなぞ
謙虚,けんきょ
謙遜,けんそん
講和,こうわ
講堂,こうどう
講師,こうし
講演,こうえん
講義,こうぎ
謝る,あやまる
謝罪,しゃざい
謳う,うたう
謹慎,きんしん
識別,しきべつ
警告,けいこく
警報,けいほう
警官,けいかん
警察,けいさつ
警戒,けいかい
警視庁,けいしちょう
議会,ぎかい
議員,ぎいん
議決,ぎけつ
議論,ぎろん
議長,ぎちょう
議題,ぎだい
譲る,ゆずる
譲歩,じょうほ
谷,たに
豆,まめ
豆腐,とうふ
豊か,ゆたか
豊作,ほうさく
豊富,ほうふ
豚,ぶた
豚肉,ぶたにく
象,ぞう
象徴,しょうちょう
豪華,ごうか
貝,かい
貝殻,かいがら
負う,おう
負かす,まかす
負け,まけ
負ける,まける
負んぶ,おんぶ
負債,ふさい
負傷,ふしょう
負担,ふたん
財布,さいふ
財政,ざいせい
財産,ざいさん
財界,ざいかい
財閥,ざいばつ
貧しい,まずしい
貧乏,びんぼう
貧乏人,びんぼうにん
貧困,ひんこん
貧富,ひんぷ
貧弱,ひんじゃく
貧血,ひんけつ
貨幣,かへい
貨物,かもつ
貨車,かしゃ
販売,はんばい
貪る,むさぼる
貪欲,どんよく
貫く,つらぬく
責める,せめる
責任,せきにん
貯蓄,ちょちく
貯金,ちょきん
貰う,もらう
貴い,とうとい
貴方,あなた
貴族,きぞく
貴重,きちょう
貴重品,きちょうひん
貶す,けなす
買いかぶる,かいかぶる
買い占める,かいしめる
買い手,かいて
買い物,かいもの
買う,かう
買収,ばいしゅう
貸し,かし
貸し出し,かしだし
貸し出す,かしだす
貸し切り,かしきり
貸す,かす
貸借,たいしゃく
貸間,かしま
費やす,ついやす
費用,ひよう
貼る,はる
貿易,ぼうえき
賃貸,ちんたい
賃金,ちんぎん
賄う,まかなう
賄賂,わいろ
資料,しりょう
資本,しほん
資本主義,しほんしゅぎ
資本家,しほんか
資格,しかく
資源,しげん
資産,しさん
資金,しきん
賑やか,にぎやか
賑わう,にぎわう
賛否,さんぴ
賛成,さんせい
賛美,さんび
賞,しょう
賞品,しょうひん
賞状,しょうじょう
賞罰,しょうばつ
賞金,しょうきん
賠償,ばいしょう
賢い,かしこい
賢明,けんめい
質,しつ
質問,しつもん
質屋,しちや
質素,しっそ
質量,しつりょう
賭け,かけ
賭ける,かける
購入,こうにゅう
購買,こうばい
贅沢,ぜいたく
贈り物,おくりもの
贈る,おくる
贈与,ぞうよ
贔屓,ひいき
赤,あか
赤い,あかい
赤ちゃん,あかちゃん
赤ん坊,あかんぼう
赤字,あかじ
赤道,せきどう
赤面,せきめん
赤飯,せきはん
走る,はしる
赴任,ふにん
起きる,おきる
起き上がる,おきあがる
起こす,おこす
起こる,おこる
起床,きしょう
起源,きげん
起立,きりつ
起訴,きそ
超特急,ちょうとっきゅう
超越,ちょうえつ
超過,ちょうか
越える,こえる
越す,こす
趣き,おもむき
趣味,しゅみ
趣旨,しゅし
足,あし
足し算,たしざん
足す,たす
足りる,たりる
足る,たる
足下,あしもと
足跡,あしあと
足踏み,あしぶみ
足音,あしおと
足首,あしくび
距離,きょり
跡,あと
跨がる,またがる
跨ぐ,またぐ
跪く,ひざまずく
路上,ろじょう
路地,ろじ
跳ねる,はねる
跳躍,ちょうやく
踊り,おどり
踊る,おどる
踏み切り,ふみきり
踏み切る,ふみきる
踏む,ふむ
踏ん張る,ふんばる
踵,かかと
蹌踉めく,よろめく
蹲る,うずくまる
蹴る,ける
躊躇う,ためらう
躓く,つまずく
身,み
身なり,みなり
身の上,みのうえ
身の回り,みのまわり
身体,しんたい
身元,みもと
身内,みうち
身分,みぶん
身寄り,みより
身投げ,みなげ
身振り,みぶり
身柄,みがら
身軽,みがる
身近,みぢか
身長,しんちょう
躱わす,かわす
躾,しつけ
軈て,やがて
車,くるま
車両,しゃりょう
車内,しゃない
車庫,しゃこ
車掌,しゃしょう
車椅子,くるまいす
車輪,しゃりん
車道,しゃどう
軌道,きどう
軍,ぐん
軍事,ぐんじ
軍人,ぐんじん
軍備,ぐんび
軍国主義,ぐんこくしゅぎ
軍拡,ぐんかく
軍縮,ぐんしゅく
軍艦,ぐんかん
軍隊,ぐんたい
軒,のき
軒並み,のきなみ
軟化,なんか
転がす,ころがす
転がる,ころがる
転ぶ,ころぶ
転勤,てんきん
転嫁,てんか
転居,てんきょ
転覆,てんぷく
軸,じく
軽い,かるい
軽はずみ,かるはずみ
軽傷,けいしょう
軽快,けいかい
軽率,けいそつ
軽蔑,けいべつ
軽薄,けいはく
軽視,けいし
載せる,のせる
載る,のる
輝かしい,かがやかしい
輝く,かがやく
輪,わ
輪ゴム,わごむ
輪郭,りんかく
輸入,ゆにゅう
輸出,ゆしゅつ
輸送,ゆそう
轢く,ひく
辛い,からい
辛い,つらい
辛口,からくち
辛子,からし
辛抱,しんぼう
辞める,やめる
辞任,じにん
辞典,じてん
辞書,じしょ
辞職,じしょく
辞退,じたい
農協,のうきょう
農地,のうち
農場,のうじょう
農家,のうか
農村,のうそん
農林,のうりん
農業,のうぎょう
農民,のうみん
農耕,のうこう
辺,へん
辺り,あたり
辻褄,つじつま
込む,こむ
込める,こめる
辿る,たどる
迎え,むかえ
迎える,むかえる
近い,ちかい
近く,ちかく
近世,きんせい
近付く,ちかづく
近付ける,ちかづける
近代,きんだい
近寄せる,ちかよせる
近寄る,ちかよる
近所,きんじょ
近日,きんじつ
近眼,きんがん
近視,きんし
近距離,きんきょり
近道,ちかみち
近郊,きんこう
近頃,ちかごろ
返す,かえす
返る,かえる
返上,へんじょう
返事,へんじ
返信,へんしん
返却,へんきゃく
返済,へんさい
返答,へんとう
返還,へんかん
迚も,とても
迫る,せまる
迫力,はくりょく
迫害,はくがい
述べる,のべる
迷う,まよう
迷信,めいしん
迷子,まいご
迷惑,めいわく
迷路,めいろ
追い付く,おいつく
追い出す,おいだす
追い抜く,おいぬく
追い掛ける,おいかける
追い越す,おいこす
追い込む,おいこむ
追う,おう
追伸,ついしん
追加,ついか
追及,ついきゅう
追悼,ついとう
追放,ついほう
追求,ついきゅう
追究,ついきゅう
追突,ついとつ
追跡,ついせき
退く,のく
退ける,どける
退ける,のける
退学,たいがく
退屈,たいくつ
退廃,たいはい
退廃的,たいはいてき
退治,たいじ
退職,たいしょく
退避,たいひ
退院,たいいん
送り仮名,おくりがな
送る,おくる
送付,そうふ
送信,そうしん
送別,そうべつ
送別会,そうべつかい
送金,そうきん
逃がす,にがす
逃げる,にげる
逃げ出す,にげだす
逃げ足,にげあし
逃げ道,にげみち
逃れる,のがれる
逃走,とうそう
逃避,とうひ
逆,ぎゃく
逆さ,さかさ
逆さま,さかさま
逆らう,さからう
逆上せる,のぼせる
逆効果,ぎゃくこうか
逆境,ぎゃっきょう
逆立ち,さかだち
透き通る,すきとおる
透明,とうめい
途上,とじょう
途中,とちゅう
途切れる,とぎれる
途絶える,とだえる
這う,はう
通う,かよう
通じる,つうじる
通す,とおす
通ずる,つうずる
通り,とおり
通り掛かる,とおりかかる
通り過ぎる,とおりすぎる
通る,とおる
通俗的,つうぞくてき
通信,つうしん
通勤,つうきん
通夜,つや
通学,つうがく
通帳,つうちょう
通常,つうじょう
通用,つうよう
通知,つうち
通行,つうこう
通行止め,つうこうどめ
通訳,つうやく
通話,つうわ
通貨,つうか
通路,つうろ
通過,つうか
通達,つうたつ
逞しい,たくましい
速い,はやい
速さ,はやさ
速やか,すみやか
速度,そくど
速達,そくたつ
速達便,そくたつびん
造船,ぞうせん
連なる,つらなる
連ねる,つらねる
連れ,つれ
連れて来る,つれてくる
連れて行く,つれていく
連れる,つれる
連中,れんちゅう
連休,れんきゅう
連合,れんごう
連帯,れんたい
連想,れんそう
連日,れんじつ
連絡,れんらく
連続,れんぞく
連邦,れんぽう
逮捕,たいほ
週,しゅう
週休,しゅうきゅう
週刊,しゅうかん
週刊誌,しゅうかんし
週末,しゅうまつ
進む,すすむ
進める,すすめる
進入,しんにゅう
進出,しんしゅつ
進化,しんか
進学,しんがく
進歩,しんぽ
進行,しんこう
進路,しんろ
逸らす,そらす
逸れる,それる
逸れる,はぐれる
遂げる,とげる
遂に,ついに
遂行,すいこう
遅い,おそい
遅らす,おくらす
遅れ,おくれ
遅れる,おくれる
遅刻,ちこく
遊び,あそび
遊ぶ,あそぶ
遊園地,ゆうえんち
運,うん
運ぶ,はこぶ
運休,うんきゅう
運動,うんどう
運動会,うんどうかい
運動場,うんどうじょう
運命,うんめい
運営,うんえい
運搬,うんぱん
運河,うんが
運用,うんよう
運良く,うんよく
運行,うんこう
運賃,うんちん
運転,うんてん
運転士,うんてんし
運転手,うんてんしゅ
運輸,うんゆ
運送,うんそう
過ぎる,すぎる
過ごす,すごす
過ち,あやまち
過剰,かじょう
過労,かろう
過半数,かはんすう
過去,かこ
過失,かしつ
過渡期,かとき
過疎,かそ
過程,かてい
道,みち
道具,どうぐ
道場,どうじょう
道徳,どうとく
道理,どうり
道端,みちばた
道草,みちくさ
道路,どうろ
道順,みちじゅん
達する,たっする
達成,たっせい
達筆,たっぴつ
違い,ちがい
違いない,ちがいない
違う,ちがう
違反,いはん
違法,いほう
遠い,とおい
遠く,とおく
遠ざかる,とおざかる
遠慮,えんりょ
遠方,えんぽう
遠足,えんそく
遠距離,えんきょり
遡る,さかのぼる
遣って来る,やってくる
遣っ付ける,やっつける
遣る,やる
遥か,はるか
適する,てきする
適切,てきせつ
適宜,てきぎ
適度,てきど
適当,てきとう
適応,てきおう
適性,てきせい
適用,てきよう
適量,てきりょう
適齢期,てきれいき
遭う,あう
遭難,そうなん
遮る,さえぎる
選ぶ,えらぶ
選り分ける,よりわける
選る,よる
選出,せんしゅつ
選定,せんてい
選手,せんしゅ
選択,せんたく
選挙,せんきょ
遺伝,いでん
遺体,いたい
遺失物,いしつぶつ
遺憾,いかん
遺産,いさん
遺言,ゆいごん]
遺跡,いせき
避ける,さける
避妊,ひにん
避暑,ひしょ
避難,ひなん
還元,かんげん
邦人,ほうじん
邪魔,じゃま
邸宅,ていたく
郊外,こうがい
郡,ぐん
部下,ぶか
部分,ぶぶん
部品,ぶひん
部屋,へや
部長,ぶちょう
部門,ぶもん
郵便,ゆうびん
郵便局,ゆうびんきょく
郵送,ゆうそう
郷愁,きょうしゅう
郷里,きょうり
都,と
都,みやこ
都会,とかい
都内,とない
都合,つごう
都営,とえい
都市,とし
都市ガス,としがす
都庁,とちょう
都心,としん
都立,とりつ
配る,くばる
配偶者,はいぐうしゃ
配分,はいぶん
配列,はいれつ
配属,はいぞく
配布,はいふ
配当,はいとう
配慮,はいりょ
配置,はいち
配達,はいたつ
酒,さけ
酒屋,さかや
酔う,よう
酔っ払う,よっぱらう
酢,す
酷い,ひどい
酸,さん
酸っぱい,すっぱい
酸化,さんか
酸性,さんせい
酸素,さんそ
醜い,みにくい
醤油,しょうゆ
釈放,しゃくほう
釈迦,しゃか
重い,おもい
重さ,おもさ
重たい,おもたい
重なる,かさなる
重ねる,かさねる
重み,おもみ
重んじる,おもんじる
重んずる,おもんずる
重体,じゅうたい
重傷,じゅうしょう
重力,じゅうりょく
重大,じゅうだい
重宝,ちょうほう
重工業,じゅうこうぎょう
重役,じゅうやく
重心,じゅうしん
重点,じゅうてん
重症,じゅうしょう
重複,ちょうふく
重要,じゅうよう
重視,じゅうし
重量,じゅうりょう
野,の
野党,やとう
野原,のはら
野外,やがい
野心,やしん
野性,やせい
野暮,やぼ
野球,やきゅう
野菜,やさい
野蛮,やばん
量,りょう
量る,はかる
金,かね
金,きん
金儲け,かねもうけ
金利,きんり
金属,きんぞく
金庫,きんこ
金持ち,かねもち
金曜日,きんようび
金槌,かなづち
金色,きんいろ
金融,きんゆう
金銭,きんせん
金額,きんがく
金魚,きんぎょ
釘,くぎ
針,はり
針金,はりがね
釣り,つり
釣り合い,つりあい
釣り合う,つりあう
釣る,つる
鈍い,にぶい
鈍感,どんかん
鈍間,のろま
鈴,すず
鉄,てつ
鉄棒,てつぼう
鉄橋,てっきょう
鉄砲,てっぽう
鉄筋,てっきん
鉄道,てつどう
鉄骨,てっこつ
鉛,なまり
鉛筆,えんぴつ
鉢,はち
鉢巻,はちまき
鉱山,こうざん
鉱業,こうぎょう
鉱物,こうぶつ
銀,ぎん
銀河,ぎんが
銀紙,ぎんがみ
銀行,ぎんこう
銃,じゅう
銅,どう
銅像,どうぞう
銘々,めいめい
銜える,くわえる
銭湯,せんとう
鋏,はさみ
鋭い,するどい
鋸,のこぎり
錆,さび
錆びる,さびる
錨,いかり
錯覚,さっかく
錯誤,さくご
録画,ろくが
録音,ろくおん
録音テープ,ろくおんてーぷ
鍋,なべ
鍛える,きたえる
鍵,かぎ
鎌,かま
鎖,くさり
鎖国,さこく
鏡,かがみ
鐘,かね
鑑定,かんてい
鑑賞,かんしょう
長,ちょう
長い,ながい
長さ,ながさ
長らく,ながらく
長大,ちょうだい
長女,ちょうじょ
長年,ながねん
長引く,ながびく
長所,ちょうしょ
長持ち,ながもち
長方形,ちょうほうけい
長期,ちょうき
長生き,ながいき
長男,ちょうなん
長続き,ながつづき
長袖,ながそで
長話,ながばなし
長閑,のどか
門,もん
閃く,ひらめく
閉じこもる,とじこもる
閉じる,とじる
閉まる,しまる
閉める,しめる
閉会,へいかい
閉口,へいこう
閉店,へいてん
閉鎖,へいさ
開き,あき
開く,あく
開く,ひらく
開ける,あける
開ける,ひらける
開会,かいかい
開催,かいさい
開始,かいし
開幕,かいまく
開店,かいてん
開拓,かいたく
開放,かいほう
開発,かいはつ
開設,かいせつ
閏年,うるうどし
間,あいだ
間,かん
間,ま
間に合う,まにあう
間に合わせる,まにあわせる
間も無く,まもなく
間一髪,かんいっぱつ
間借り,まがり
間抜け,まぬけ
間接,かんせつ
間柄,あいだがら
間誤付く,まごつく
間近,まぢか
間違い,まちがい
間違う,まちがう
間違える,まちがえる
間隔,かんかく
間際,まぎわ
間食,かんしょく
関する,かんする
関わる,かかわる
関係,かんけい
関心,かんしん
関税,かんぜい
関節,かんせつ
関連,かんれん
関門,かんもん
閣僚,かくりょう
閲覧,えつらん
闇,やみ
闘う,たたかう
闘争,とうそう
防ぐ,ふせぐ
防御,ぼうぎょ
防戦,ぼうせん
防止,ぼうし
防水,ぼうすい
防火,ぼうか
防災,ぼうさい
防衛,ぼうえい
防音,ぼうおん
阻む,はばむ
阿呆,あほう
降りる,おりる
降る,ふる
降ろす,おろす
降伏,こうふく
降参,こうさん
降水,こうすい
限り,かぎり
限る,かぎる
限定,げんてい
限度,げんど
限界,げんかい
除く,のぞく
除外,じょがい
陥る,おちいる
陰,かげ
陰気,いんき
陳列,ちんれつ
陳腐,ちんぷ
陶器,とうき
陶酔,とうすい
陸,おか
陸,りく
陸上,りくじょう
陸橋,りっきょう
陸軍,りくぐん
険しい,けわしい
険悪,けんあく
陽気,ようき
隅,すみ
隈なく,くまなく
階段,かいだん
階級,かいきゅう
随分,ずいぶん
随筆,ずいひつ
隔てる,へだてる
隙,すき
隙間,すきま
際,さい
際立つ,きわだつ
際限,さいげん
障る,さわる
障子,しょうじ
障害,しょうがい
隠す,かくす
隠れる,かくれる
隣,となり
隣り合う,となりあう
隣り合わせ,となりあわせ
隣人,りんじん
隣家,りんか
雀,すずめ
雄,おす
雄大,ゆうだい
集まり,あつまり
集まる,あつまる
集める,あつめる
集る,たかる
集中,しゅうちゅう
集会,しゅうかい
集合,しゅうごう
集団,しゅうだん
集落,しゅうらく
雇う,やとう
雇用,こよう
雌,めす
雑,ざつ
雑巾,ぞうきん
雑煮,ぞうに
雑草,ざっそう
雑誌,ざっし
雑談,ざつだん
雑踏,ざっとう
雑音,ざつおん
雛,ひな
雛,ひよこ
雛祭り,ひなまつり
離す,はなす
離れる,はなれる
離婚,りこん
離陸,りりく
難しい,むずかしい
難なく,なんなく
難問,なんもん
難易,なんい
難民,なんみん
難点,なんてん
難航,なんこう
難解,なんかい
難関,なんかん
雨,あめ
雨具,あまぐ
雨垂れ,あまだれ
雨天,うてん
雨宿り,あまやどり
雨戸,あまど
雨期,うき
雨漏り,あまもり
雨降り,あめふり
雪,ゆき
雪崩,なだれ
雪解け,ゆきどけ
雰囲気,ふんいき
雲,くも
雲雀,ひばり
零,れい
零す,こぼす
零れる,こぼれる
零下,れいか
雷,かみなり
電力,でんりょく
電卓,でんたく
電圧,でんあつ
電報,でんぽう
電子,でんし
電柱,でんちゅう
電気,でんき
電池,でんち
電波,でんぱ
電流,でんりゅう
電源,でんげん
電灯,でんとう
電球,でんきゅう
電線,でんせん
電話,でんわ
電話帳,でんわちょう
電車,でんしゃ
需要,じゅよう
震える,ふるえる
震度,しんど
霜,しも
霞,かすみ
霞む,かすむ
霧,きり
霧雨,きりさめ
露,つゆ
露骨,ろこつ
青,あお
青い,あおい
青ざめる,あおざめる
青年,せいねん
青春,せいしゅん
青白い,あおじろい
青空,あおぞら
静か,しずか
静まる,しずまる
静寂,せいじゃく
静止,せいし
静粛,せいしゅく
非,ひ
非常,ひじょう
非常に,ひじょうに
非常口,ひじょうぐち
非常識,ひじょうしき
非行,ひこう
非難,ひなん
靡く,なびく
面,つら
面,めん
面する,めんする
面会,めんかい
面倒,めんどう
面倒臭い,めんどうくさい
面子,めんつ
面影,おもかげ
面接,めんせつ
面白い,おもしろい
面皰,にきび
面目,めんぼく
面積,めんせき
面談,めんだん
革,かわ
革命,かくめい
革新,かくしん
靴,くつ
靴下,くつした
鞄,かばん
音,おと
音,ね
音声,おんせい
音楽,おんがく
音色,ねいろ
音読,おんどく
音読み,おんよみ
音響,おんきょう
響き,ひびき
響く,ひびく
頂き,いただき
頂く,いただく
頂上,ちょうじょう
頂戴,ちょうだい
頂点,ちょうてん
頃,ころ
項目,こうもく
順,じゅん
順々に,じゅんじゅんに
順位,じゅんい
順序,じゅんじょ
順番,じゅんばん
順調,じゅんちょう
順路,じゅんろ
預かる,あずかる
預ける,あずける
預金,よきん
頑丈,がんじょう
頑固,がんこ
頑張る,がんばる
領事館,りょうじかん
領収,りょうしゅう
領収書,りょうしゅうしょ
領土,りょうど
領域,りょういき
領海,りょうかい
領空,りょうくう
頬,ほお
頬,ほほ
頬っぺた,ほっぺた
頬笑む,ほほえむ
頭,あたま
頭,かしら
頭痛,ずつう
頭脳,ずのう
頷く,うなずく
頻りに,しきりに
頻発,ひんぱつ
頻繁,ひんぱん
頼み,たのみ
頼む,たのむ
頼もしい,たのもしい
頼りない,たよりない
頼る,たよる
題,だい
題名,だいめい
額,がく
額,ひたい
顎,あご
顔,かお
顔なじみ,かおなじみ
顔付き,かおつき
顔立ち,かおだち
顔色,かおいろ
顔触れ,かおぶれ
顕微鏡,けんびきょう
願い,ねがい
願う,ねがう
願わくは,ねがわくは
願書,がんしょ
願望,がんぼう
類似,るいじ
類型,るいけい
類推,るいすい
顧みる,かえりみる
風,かぜ
風上,かざかみ
風下,かざしも
風俗,ふうぞく
風刺,ふうし
風力,ふうりょく
風向き,かざむき
風呂,ふろ
風呂場,ふろば
風呂屋,ふろや
風呂敷,ふろしき
風景,ふうけい
風流,ふうりゅう
風船,ふうせん
風速,ふうそく
風邪,かぜ
風邪薬,かぜぐすり
風鈴,ふうりん
颯爽と,さっそうと
飛ばす,とばす
飛び上がる,とびあがる
飛び下りる,とびおりる
飛び出す,とびだす
飛び切り,とびきり
飛び込む,とびこむ
飛ぶ,とぶ
飛んでもない,とんでもない
飛行,ひこう
飛行場,ひこうじょう
飛行機,ひこうき
飛躍,ひやく
食,しょく
食い下がる,くいさがる
食い止める,くいとめる
食い込む,くいこむ
食い違い,くいちがい
食い違う,くいちがう
食う,くう
食べる,たべる
食べ物,たべもの
食み出す,はみだす
食み出る,はみでる
食パン,しょくぱん
食中毒,しょくちゅうどく
食事,しょくじ
食卓,しょくたく
食品,しょくひん
食器,しょっき
食堂,しょくどう
食料,しょくりょう
食欲,しょくよく
食物,しょくもつ
食費,しょくひ
飢える,うえる
飢餓,きが
飢饉,ききん
飯,めし
飲み水,のみみず
飲み物,のみもの
飲み込む,のみこむ
飲む,のむ
飲料水,いんりょうすい
飲食店,いんしょくてん
飴,あめ
飼う,かう
飼育,しいく
飽き,あき
飽きる,あきる
飽和,ほうわ
飾り,かざり
飾る,かざる
餃子,ぎょうざ
餅,もち
養う,やしなう
養子,ようし
養成,ようせい
養殖,ようしょく
養護,ようご
餌,えさ
餡こ,あんこ
饂飩,うどん
首,くび
首相,しゅしょう
首脳,しゅのう
首都,しゅと
香ばしい,こうばしい
香り,かおり
香水,こうすい
馬,うま
馬鹿,ばか
馬鹿らしい,ばからしい
馬鹿馬鹿しい,ばかばかしい
馴れ馴れしい,なれなれしい
駄目,だめ
駅,えき
駅前,えきまえ
駅員,えきいん
駅弁,えきべん
駅長,えきちょう
駆ける,かける
駆け足,かけあし
駐車,ちゅうしゃ
駐車場,ちゅうしゃじょう
騒々しい,そうぞうしい
騒がしい,さわがしい
騒ぎ,さわぎ
騒ぐ,さわぐ
騒めく,ざわめく
騒動,そうどう
騒音,そうおん
騙す,だます
騰貴,とうき
驚かす,おどろかす
驚き,おどろき
驚く,おどろく
骨,ほね
骨折,こっせつ
骸骨,がいこつ
高い,たかい
高さ,たかさ
高まる,たかまる
高める,たかめる
高低,こうてい
高価,こうか
高原,こうげん
高名,こうめい
高地,こうち
高層,こうそう
高度,こうど
高校,こうこう
高校生,こうこうせい
高気圧,こうきあつ
高温,こうおん
高熱,こうねつ
高等,こうとう
高等学校,こうとうがっこう
高級,こうきゅう
高速,こうそく
高速道路,こうそくどうろ
高音,こうおん
高齢,こうれい
髪,かみ
髪の毛,かみのけ
鬘,かつら
鬱陶しい,うっとうしい
鬼,おに
魂,たましい
魅力,みりょく
魅惑,みわく
魔法,まほう
魔術,まじゅつ
魚,うお
魚,さかな
鮪,まぐろ
鮮やか,あざやか
鯉,こい
鯛,たい
鯨,くじら
鯵,あじ
鰯,いわし
鰻,うなぎ
鳥,とり
鳥居,とりい
鳩,はと
鳴く,なく
鳴らす,ならす
鳴る,なる
鶏,にわとり
鶴,つる
麒麟,きりん
麓,ふもと
麦,むぎ
麻痺,まひ
麻薬,まやく
麻酔,ますい
麻雀,まーじゃん
黄昏,たそがれ
黄色,きいろ
黄色い,きいろい
黄金,おうごん
黒,くろ
黒い,くろい
黒人,こくじん
黒子,ほくろ
黒字,くろじ
黒板,こくばん
黙る,だまる
黴,かび
黴菌,ばいきん
鼠,ねずみ
鼻,はな
鼻紙,はながみ
鼾,いびき
齎す,もたらす
８９３,やくざ